group,file_id,t,x,y,z
original,1,0,37.0,-548.0,-239.0
original,1,1,37.0,-548.0,-239.0
original,1,2,37.0,-548.0,-239.0
original,1,3,37.0,-548.0,-239.0
original,1,4,37.0,-548.0,-239.0
original,1,5,37.0,-548.0,-239.0
original,1,6,37.0,-548.0,-239.0
original,1,7,37.0,-548.0,-239.0
original,1,8,37.0,-548.0,-239.0
original,1,9,37.0,-548.0,-239.0
original,1,10,37.0,-548.0,-239.0
original,1,11,37.0,-548.0,-239.0
original,1,12,37.0,-548.0,-239.0
original,1,13,37.0,-548.0,-239.0
original,1,14,37.0,-548.0,-239.0
original,1,15,37.0,-548.0,-239.0
original,1,16,38.0,-548.0,-239.0
original,1,17,38.0,-548.0,-239.0
original,1,18,38.0,-548.0,-239.0
original,1,19,39.0,-548.0,-239.0
original,1,20,40.0,-548.0,-239.0
original,1,21,41.0,-548.0,-239.0
original,1,22,42.0,-548.0,-239.0
original,1,23,43.0,-548.0,-239.0
original,1,24,44.0,-548.0,-239.0
original,1,25,46.0,-548.0,-239.0
original,1,26,48.0,-548.0,-239.0
original,1,27,50.0,-547.0,-239.0
original,1,28,53.0,-547.0,-239.0
original,1,29,55.0,-547.0,-238.0
original,1,30,58.0,-547.0,-238.0
original,1,31,60.0,-546.0,-238.0
original,1,32,64.0,-546.0,-238.0
original,1,33,67.0,-546.0,-238.0
original,1,34,70.0,-545.0,-238.0
original,1,35,75.0,-545.0,-238.0
original,1,36,79.0,-544.0,-237.0
original,1,37,83.0,-544.0,-237.0
original,1,38,87.0,-543.0,-236.0
original,1,39,92.0,-542.0,-235.0
original,1,40,97.0,-541.0,-234.0
original,1,41,103.0,-541.0,-233.0
original,1,42,108.0,-540.0,-232.0
original,1,43,114.0,-539.0,-231.0
original,1,44,120.0,-538.0,-230.0
original,1,45,126.0,-537.0,-228.0
original,1,46,132.0,-535.0,-226.0
original,1,47,139.0,-534.0,-225.0
original,1,48,146.0,-532.0,-223.0
original,1,49,152.0,-530.0,-222.0
original,1,50,159.0,-528.0,-220.0
original,1,51,166.0,-526.0,-218.0
original,1,52,173.0,-524.0,-216.0
original,1,53,180.0,-521.0,-214.0
original,1,54,187.0,-519.0,-213.0
original,1,55,195.0,-516.0,-211.0
original,1,56,202.0,-512.0,-209.0
original,1,57,209.0,-509.0,-208.0
original,1,58,217.0,-505.0,-206.0
original,1,59,224.0,-501.0,-204.0
original,1,60,232.0,-497.0,-203.0
original,1,61,239.0,-493.0,-202.0
original,1,62,247.0,-488.0,-200.0
original,1,63,255.0,-483.0,-199.0
original,1,64,262.0,-478.0,-198.0
original,1,65,269.0,-472.0,-196.0
original,1,66,277.0,-467.0,-195.0
original,1,67,284.0,-461.0,-193.0
original,1,68,292.0,-455.0,-192.0
original,1,69,299.0,-448.0,-191.0
original,1,70,306.0,-442.0,-189.0
original,1,71,314.0,-435.0,-188.0
original,1,72,321.0,-428.0,-187.0
original,1,73,328.0,-421.0,-185.0
original,1,74,335.0,-413.0,-184.0
original,1,75,342.0,-405.0,-182.0
original,1,76,349.0,-397.0,-181.0
original,1,77,355.0,-389.0,-179.0
original,1,78,362.0,-381.0,-178.0
original,1,79,369.0,-372.0,-176.0
original,1,80,376.0,-363.0,-175.0
original,1,81,381.0,-354.0,-173.0
original,1,82,387.0,-345.0,-172.0
original,1,83,393.0,-335.0,-170.0
original,1,84,399.0,-325.0,-169.0
original,1,85,405.0,-315.0,-168.0
original,1,86,410.0,-305.0,-167.0
original,1,87,415.0,-295.0,-166.0
original,1,88,420.0,-284.0,-165.0
original,1,89,425.0,-273.0,-164.0
original,1,90,430.0,-262.0,-163.0
original,1,91,434.0,-250.0,-163.0
original,1,92,438.0,-239.0,-162.0
original,1,93,442.0,-227.0,-162.0
original,1,94,446.0,-216.0,-161.0
original,1,95,449.0,-204.0,-161.0
original,1,96,452.0,-192.0,-161.0
original,1,97,455.0,-180.0,-161.0
original,1,98,458.0,-168.0,-161.0
original,1,99,459.0,-156.0,-161.0
original,1,100,462.0,-144.0,-161.0
original,1,101,463.0,-132.0,-161.0
original,1,102,464.0,-120.0,-161.0
original,1,103,466.0,-107.0,-161.0
original,1,104,467.0,-95.0,-161.0
original,1,105,468.0,-83.0,-162.0
original,1,106,468.0,-59.0,-163.0
original,1,107,468.0,-47.0,-163.0
original,1,108,468.0,-35.0,-164.0
original,1,109,467.0,-23.0,-165.0
original,1,110,466.0,-12.0,-165.0
original,1,111,465.0,0.0,-166.0
original,1,112,463.0,10.0,-167.0
original,1,113,462.0,21.0,-168.0
original,1,114,460.0,32.0,-168.0
original,1,115,458.0,43.0,-169.0
original,1,116,456.0,53.0,-170.0
original,1,117,454.0,64.0,-171.0
original,1,118,452.0,74.0,-172.0
original,1,119,448.0,84.0,-173.0
original,1,120,446.0,94.0,-174.0
original,1,121,442.0,104.0,-175.0
original,1,122,439.0,114.0,-176.0
original,1,123,436.0,123.0,-177.0
original,1,124,432.0,133.0,-179.0
original,1,125,429.0,142.0,-180.0
original,1,126,425.0,151.0,-181.0
original,1,127,421.0,159.0,-182.0
original,1,128,417.0,168.0,-183.0
original,1,129,413.0,176.0,-184.0
original,1,130,409.0,184.0,-185.0
original,1,131,404.0,192.0,-186.0
original,1,132,400.0,199.0,-188.0
original,1,133,396.0,206.0,-189.0
original,1,134,391.0,213.0,-190.0
original,1,135,387.0,220.0,-191.0
original,1,136,381.0,226.0,-192.0
original,1,137,377.0,233.0,-193.0
original,1,138,372.0,239.0,-194.0
original,1,139,368.0,245.0,-196.0
original,1,140,363.0,250.0,-197.0
original,1,141,358.0,256.0,-198.0
original,1,142,354.0,261.0,-199.0
original,1,143,349.0,266.0,-200.0
original,1,144,343.0,271.0,-201.0
original,1,145,338.0,276.0,-203.0
original,1,146,334.0,280.0,-204.0
original,1,147,329.0,284.0,-205.0
original,1,148,324.0,288.0,-206.0
original,1,149,319.0,292.0,-207.0
original,1,150,314.0,296.0,-209.0
original,1,151,309.0,300.0,-210.0
original,1,152,305.0,303.0,-211.0
original,1,153,299.0,306.0,-212.0
original,1,154,294.0,309.0,-213.0
original,1,155,289.0,312.0,-214.0
original,1,156,285.0,314.0,-216.0
original,1,157,280.0,317.0,-217.0
original,1,158,276.0,319.0,-218.0
original,1,159,272.0,321.0,-219.0
original,1,160,267.0,323.0,-220.0
original,1,161,263.0,324.0,-221.0
original,1,162,259.0,326.0,-221.0
original,1,163,256.0,327.0,-222.0
original,1,164,251.0,328.0,-223.0
original,1,165,248.0,329.0,-224.0
original,1,166,245.0,330.0,-224.0
original,1,167,241.0,330.0,-225.0
original,1,168,238.0,331.0,-226.0
original,1,169,234.0,331.0,-226.0
original,1,170,232.0,331.0,-227.0
original,1,171,229.0,332.0,-227.0
original,1,172,226.0,332.0,-228.0
original,1,173,223.0,332.0,-228.0
original,1,174,222.0,331.0,-229.0
original,1,175,219.0,331.0,-229.0
original,1,176,217.0,331.0,-229.0
original,1,177,215.0,331.0,-230.0
original,1,178,213.0,330.0,-230.0
original,1,179,212.0,330.0,-230.0
original,1,180,210.0,329.0,-230.0
original,1,181,209.0,329.0,-231.0
original,1,182,207.0,328.0,-231.0
original,1,183,207.0,327.0,-231.0
original,1,184,206.0,326.0,-231.0
original,1,185,205.0,325.0,-231.0
original,1,186,205.0,324.0,-231.0
original,1,187,204.0,323.0,-231.0
original,1,188,204.0,322.0,-231.0
original,1,189,204.0,321.0,-231.0
original,1,190,205.0,319.0,-231.0
original,1,191,206.0,319.0,-231.0
original,1,192,207.0,318.0,-231.0
original,1,193,207.0,317.0,-231.0
original,1,194,207.0,316.0,-231.0
original,1,195,209.0,314.0,-230.0
original,1,196,210.0,314.0,-230.0
original,1,197,211.0,313.0,-230.0
original,1,198,212.0,312.0,-230.0
original,1,199,212.0,312.0,-230.0
original,1,200,213.0,311.0,-230.0
original,1,201,214.0,310.0,-230.0
original,1,202,216.0,310.0,-230.0
original,1,203,218.0,309.0,-230.0
original,1,204,218.0,308.0,-230.0
original,1,205,220.0,307.0,-229.0
original,1,206,223.0,306.0,-229.0
original,1,207,224.0,305.0,-228.0
original,1,208,227.0,304.0,-228.0
original,1,209,229.0,303.0,-227.0
original,1,210,232.0,302.0,-227.0
original,1,211,239.0,299.0,-225.0
original,1,212,242.0,298.0,-224.0
original,1,213,245.0,296.0,-223.0
original,1,214,250.0,295.0,-222.0
original,1,215,254.0,293.0,-220.0
original,1,216,258.0,291.0,-219.0
original,1,217,262.0,289.0,-218.0
original,1,218,267.0,286.0,-216.0
original,1,219,272.0,284.0,-215.0
original,1,220,277.0,281.0,-213.0
original,1,221,282.0,278.0,-211.0
original,1,222,287.0,275.0,-210.0
original,1,223,292.0,271.0,-208.0
original,1,224,297.0,268.0,-206.0
original,1,225,303.0,264.0,-204.0
original,1,226,308.0,260.0,-203.0
original,1,227,314.0,256.0,-201.0
original,1,228,320.0,251.0,-199.0
original,1,229,325.0,246.0,-197.0
original,1,230,332.0,241.0,-194.0
original,1,231,337.0,236.0,-192.0
original,1,232,343.0,230.0,-190.0
original,1,233,349.0,224.0,-188.0
original,1,234,354.0,218.0,-185.0
original,1,235,360.0,212.0,-183.0
original,1,236,366.0,205.0,-181.0
original,1,237,372.0,198.0,-178.0
original,1,238,377.0,191.0,-176.0
original,1,239,383.0,184.0,-174.0
original,1,240,388.0,176.0,-171.0
original,1,241,393.0,168.0,-169.0
original,1,242,399.0,160.0,-166.0
original,1,243,404.0,151.0,-164.0
original,1,244,409.0,142.0,-161.0
original,1,245,414.0,134.0,-159.0
original,1,246,419.0,125.0,-156.0
original,1,247,423.0,115.0,-154.0
original,1,248,427.0,106.0,-151.0
original,1,249,431.0,96.0,-149.0
original,1,250,436.0,87.0,-146.0
original,1,251,440.0,77.0,-144.0
original,1,252,443.0,67.0,-141.0
original,1,253,447.0,56.0,-139.0
original,1,254,449.0,46.0,-137.0
original,1,255,452.0,36.0,-134.0
original,1,256,455.0,25.0,-132.0
original,1,257,458.0,14.0,-129.0
original,1,258,460.0,4.0,-127.0
original,1,259,462.0,-6.0,-124.0
original,1,260,464.0,-17.0,-122.0
original,1,261,466.0,-28.0,-120.0
original,1,262,467.0,-39.0,-118.0
original,1,263,469.0,-50.0,-116.0
original,1,264,469.0,-61.0,-114.0
original,1,265,469.0,-72.0,-112.0
original,1,266,470.0,-82.0,-110.0
original,1,267,470.0,-93.0,-108.0
original,1,268,470.0,-104.0,-107.0
original,1,269,470.0,-115.0,-105.0
original,1,270,470.0,-126.0,-104.0
original,1,271,469.0,-137.0,-103.0
original,1,272,469.0,-148.0,-102.0
original,1,273,468.0,-158.0,-102.0
original,1,274,466.0,-169.0,-101.0
original,1,275,465.0,-180.0,-101.0
original,1,276,463.0,-190.0,-102.0
original,1,277,462.0,-200.0,-102.0
original,1,278,460.0,-211.0,-104.0
original,1,279,458.0,-221.0,-105.0
original,1,280,456.0,-231.0,-106.0
original,1,281,453.0,-241.0,-108.0
original,1,282,450.0,-251.0,-110.0
original,1,283,447.0,-261.0,-112.0
original,1,284,445.0,-271.0,-114.0
original,1,285,442.0,-281.0,-116.0
original,1,286,438.0,-291.0,-118.0
original,1,287,435.0,-301.0,-120.0
original,1,288,431.0,-310.0,-121.0
original,1,289,427.0,-320.0,-123.0
original,1,290,423.0,-330.0,-125.0
original,1,291,419.0,-339.0,-127.0
original,1,292,414.0,-348.0,-129.0
original,1,293,410.0,-358.0,-131.0
original,1,294,405.0,-367.0,-132.0
original,1,295,401.0,-376.0,-134.0
original,1,296,396.0,-384.0,-135.0
original,1,297,391.0,-393.0,-136.0
original,1,298,386.0,-401.0,-138.0
original,1,299,381.0,-410.0,-139.0
original,1,300,370.0,-426.0,-142.0
original,1,301,364.0,-434.0,-144.0
original,1,302,359.0,-442.0,-145.0
original,1,303,353.0,-449.0,-147.0
original,1,304,347.0,-456.0,-149.0
original,1,305,341.0,-463.0,-150.0
original,1,306,334.0,-470.0,-152.0
original,1,307,328.0,-476.0,-154.0
original,1,308,322.0,-483.0,-156.0
original,1,309,316.0,-489.0,-158.0
original,1,310,310.0,-495.0,-160.0
original,1,311,303.0,-500.0,-162.0
original,1,312,297.0,-506.0,-164.0
original,1,313,291.0,-510.0,-166.0
original,1,314,286.0,-514.0,-169.0
original,1,315,282.0,-517.0,-171.0
original,1,316,278.0,-520.0,-173.0
original,1,317,276.0,-522.0,-175.0
original,1,318,273.0,-524.0,-177.0
original,1,319,271.0,-526.0,-179.0
original,1,320,269.0,-528.0,-181.0
original,1,321,267.0,-529.0,-183.0
original,1,322,266.0,-530.0,-185.0
original,1,323,265.0,-531.0,-187.0
original,1,324,263.0,-532.0,-189.0
original,1,325,262.0,-533.0,-190.0
original,1,326,261.0,-534.0,-192.0
original,1,327,260.0,-535.0,-194.0
original,1,328,258.0,-536.0,-195.0
original,1,329,256.0,-538.0,-197.0
original,1,330,255.0,-539.0,-199.0
original,1,331,252.0,-540.0,-200.0
original,1,332,250.0,-542.0,-201.0
original,1,333,248.0,-543.0,-203.0
original,1,334,245.0,-545.0,-204.0
original,1,335,243.0,-546.0,-205.0
original,1,336,241.0,-548.0,-207.0
original,1,337,239.0,-549.0,-208.0
original,1,338,235.0,-551.0,-210.0
original,1,339,233.0,-552.0,-211.0
original,1,340,230.0,-554.0,-212.0
original,1,341,227.0,-556.0,-213.0
original,1,342,223.0,-558.0,-214.0
original,1,343,220.0,-559.0,-215.0
original,1,344,217.0,-561.0,-217.0
original,1,345,213.0,-563.0,-217.0
original,1,346,210.0,-565.0,-218.0
original,1,347,207.0,-566.0,-219.0
original,1,348,203.0,-568.0,-219.0
original,1,349,200.0,-570.0,-220.0
original,1,350,196.0,-572.0,-220.0
original,1,351,192.0,-573.0,-220.0
original,1,352,188.0,-575.0,-220.0
original,1,353,185.0,-577.0,-220.0
original,1,354,180.0,-579.0,-220.0
original,1,355,177.0,-580.0,-220.0
original,1,356,173.0,-582.0,-219.0
original,1,357,169.0,-584.0,-219.0
original,1,358,165.0,-585.0,-219.0
original,1,359,162.0,-587.0,-218.0
original,1,360,157.0,-588.0,-218.0
original,1,361,154.0,-590.0,-217.0
original,1,362,150.0,-591.0,-217.0
original,1,363,147.0,-592.0,-216.0
original,1,364,143.0,-594.0,-215.0
original,1,365,139.0,-595.0,-215.0
original,1,366,136.0,-596.0,-215.0
original,1,367,131.0,-597.0,-214.0
original,1,368,128.0,-598.0,-214.0
original,1,369,125.0,-599.0,-213.0
original,1,370,121.0,-600.0,-213.0
original,1,371,119.0,-601.0,-213.0
original,1,372,115.0,-602.0,-213.0
original,1,373,112.0,-602.0,-212.0
original,1,374,108.0,-603.0,-212.0
original,1,375,106.0,-604.0,-212.0
original,1,376,103.0,-605.0,-212.0
original,1,377,100.0,-605.0,-212.0
original,1,378,97.0,-606.0,-212.0
original,1,379,94.0,-606.0,-212.0
original,1,380,92.0,-607.0,-212.0
original,1,381,89.0,-607.0,-212.0
original,1,382,86.0,-608.0,-212.0
original,1,383,85.0,-608.0,-213.0
original,1,384,82.0,-608.0,-213.0
original,1,385,81.0,-609.0,-213.0
original,1,386,78.0,-609.0,-213.0
original,1,387,76.0,-609.0,-213.0
original,1,388,74.0,-610.0,-213.0
original,1,389,72.0,-610.0,-213.0
original,1,390,70.0,-610.0,-213.0
original,1,391,69.0,-610.0,-213.0
original,1,392,68.0,-610.0,-213.0
original,1,393,66.0,-611.0,-213.0
original,1,394,65.0,-611.0,-213.0
original,1,395,64.0,-611.0,-213.0
original,1,396,62.0,-611.0,-213.0
original,1,397,61.0,-611.0,-213.0
original,1,398,59.0,-611.0,-213.0
original,1,399,59.0,-611.0,-213.0
original,1,400,58.0,-612.0,-213.0
original,1,401,57.0,-612.0,-213.0
original,1,402,56.0,-612.0,-213.0
original,1,403,55.0,-612.0,-213.0
original,1,404,54.0,-612.0,-213.0
original,1,405,54.0,-612.0,-213.0
original,1,406,53.0,-612.0,-213.0
original,1,407,52.0,-612.0,-213.0
original,1,408,52.0,-612.0,-213.0
original,1,409,51.0,-612.0,-213.0
original,1,410,50.0,-612.0,-213.0
original,1,411,49.0,-612.0,-213.0
original,1,412,48.0,-612.0,-213.0
original,1,413,48.0,-612.0,-213.0
original,1,414,48.0,-613.0,-213.0
original,1,415,47.0,-613.0,-213.0
original,1,416,46.0,-613.0,-213.0
original,1,417,45.0,-613.0,-213.0
original,1,418,44.0,-613.0,-213.0
original,1,419,43.0,-613.0,-213.0
original,1,420,43.0,-613.0,-213.0
original,1,421,43.0,-613.0,-213.0
original,1,422,43.0,-613.0,-213.0
original,1,423,42.0,-613.0,-213.0
original,1,424,41.0,-613.0,-213.0
original,1,425,41.0,-613.0,-213.0
original,1,426,40.0,-613.0,-213.0
original,1,427,40.0,-613.0,-213.0
original,1,428,40.0,-613.0,-213.0
original,2,0,33.0,-621.0,-157.0
original,2,1,33.0,-621.0,-157.0
original,2,2,34.0,-621.0,-157.0
original,2,3,34.0,-621.0,-157.0
original,2,4,34.0,-621.0,-157.0
original,2,5,34.0,-621.0,-157.0
original,2,6,34.0,-621.0,-157.0
original,2,7,34.0,-621.0,-157.0
original,2,8,34.0,-621.0,-157.0
original,2,9,35.0,-621.0,-157.0
original,2,10,35.0,-621.0,-157.0
original,2,11,36.0,-621.0,-157.0
original,2,12,36.0,-621.0,-157.0
original,2,13,37.0,-621.0,-157.0
original,2,14,37.0,-621.0,-157.0
original,2,15,38.0,-621.0,-157.0
original,2,16,38.0,-621.0,-157.0
original,2,17,39.0,-621.0,-157.0
original,2,18,40.0,-621.0,-157.0
original,2,19,42.0,-621.0,-157.0
original,2,20,43.0,-620.0,-157.0
original,2,21,43.0,-620.0,-157.0
original,2,22,45.0,-620.0,-157.0
original,2,23,46.0,-620.0,-157.0
original,2,24,48.0,-620.0,-157.0
original,2,25,49.0,-620.0,-157.0
original,2,26,51.0,-620.0,-157.0
original,2,27,53.0,-620.0,-157.0
original,2,28,54.0,-619.0,-157.0
original,2,29,57.0,-619.0,-157.0
original,2,30,59.0,-619.0,-157.0
original,2,31,61.0,-619.0,-157.0
original,2,32,64.0,-618.0,-157.0
original,2,33,65.0,-618.0,-157.0
original,2,34,68.0,-618.0,-157.0
original,2,35,71.0,-617.0,-157.0
original,2,36,74.0,-617.0,-157.0
original,2,37,76.0,-617.0,-157.0
original,2,38,80.0,-616.0,-157.0
original,2,39,82.0,-616.0,-157.0
original,2,40,86.0,-615.0,-157.0
original,2,41,89.0,-615.0,-157.0
original,2,42,92.0,-614.0,-157.0
original,2,43,96.0,-613.0,-157.0
original,2,44,100.0,-612.0,-157.0
original,2,45,103.0,-612.0,-157.0
original,2,46,107.0,-611.0,-157.0
original,2,47,111.0,-610.0,-157.0
original,2,48,115.0,-609.0,-157.0
original,2,49,119.0,-608.0,-157.0
original,2,50,123.0,-607.0,-157.0
original,2,51,127.0,-606.0,-157.0
original,2,52,131.0,-604.0,-157.0
original,2,53,136.0,-603.0,-157.0
original,2,54,140.0,-602.0,-157.0
original,2,55,145.0,-600.0,-157.0
original,2,56,149.0,-599.0,-157.0
original,2,57,158.0,-596.0,-157.0
original,2,58,163.0,-594.0,-157.0
original,2,59,168.0,-592.0,-157.0
original,2,60,173.0,-590.0,-157.0
original,2,61,178.0,-588.0,-157.0
original,2,62,182.0,-586.0,-157.0
original,2,63,187.0,-584.0,-157.0
original,2,64,192.0,-581.0,-157.0
original,2,65,197.0,-579.0,-157.0
original,2,66,202.0,-577.0,-158.0
original,2,67,207.0,-574.0,-158.0
original,2,68,212.0,-572.0,-158.0
original,2,69,218.0,-569.0,-158.0
original,2,70,223.0,-566.0,-158.0
original,2,71,228.0,-563.0,-158.0
original,2,72,233.0,-560.0,-158.0
original,2,73,238.0,-557.0,-158.0
original,2,74,243.0,-554.0,-158.0
original,2,75,248.0,-550.0,-158.0
original,2,76,253.0,-547.0,-158.0
original,2,77,258.0,-543.0,-158.0
original,2,78,263.0,-540.0,-158.0
original,2,79,268.0,-536.0,-158.0
original,2,80,273.0,-532.0,-158.0
original,2,81,278.0,-529.0,-158.0
original,2,82,283.0,-525.0,-159.0
original,2,83,289.0,-521.0,-159.0
original,2,84,293.0,-516.0,-159.0
original,2,85,298.0,-512.0,-159.0
original,2,86,303.0,-508.0,-159.0
original,2,87,308.0,-503.0,-159.0
original,2,88,313.0,-499.0,-159.0
original,2,89,317.0,-494.0,-159.0
original,2,90,322.0,-489.0,-159.0
original,2,91,327.0,-485.0,-159.0
original,2,92,332.0,-480.0,-160.0
original,2,93,336.0,-475.0,-160.0
original,2,94,341.0,-470.0,-160.0
original,2,95,345.0,-465.0,-160.0
original,2,96,349.0,-459.0,-160.0
original,2,97,354.0,-454.0,-160.0
original,2,98,359.0,-449.0,-160.0
original,2,99,363.0,-443.0,-160.0
original,2,100,367.0,-438.0,-161.0
original,2,101,371.0,-432.0,-161.0
original,2,102,375.0,-427.0,-161.0
original,2,103,379.0,-421.0,-161.0
original,2,104,383.0,-415.0,-161.0
original,2,105,387.0,-409.0,-161.0
original,2,106,394.0,-397.0,-162.0
original,2,107,398.0,-391.0,-162.0
original,2,108,402.0,-385.0,-162.0
original,2,109,405.0,-379.0,-162.0
original,2,110,409.0,-372.0,-162.0
original,2,111,412.0,-366.0,-163.0
original,2,112,415.0,-360.0,-163.0
original,2,113,418.0,-354.0,-163.0
original,2,114,421.0,-347.0,-163.0
original,2,115,424.0,-341.0,-163.0
original,2,116,427.0,-335.0,-164.0
original,2,117,430.0,-328.0,-164.0
original,2,118,432.0,-321.0,-164.0
original,2,119,435.0,-315.0,-164.0
original,2,120,437.0,-308.0,-165.0
original,2,121,440.0,-302.0,-165.0
original,2,122,442.0,-295.0,-165.0
original,2,123,445.0,-288.0,-165.0
original,2,124,447.0,-282.0,-165.0
original,2,125,449.0,-275.0,-166.0
original,2,126,451.0,-268.0,-166.0
original,2,127,453.0,-261.0,-166.0
original,2,128,455.0,-255.0,-166.0
original,2,129,457.0,-248.0,-167.0
original,2,130,458.0,-241.0,-167.0
original,2,131,460.0,-234.0,-167.0
original,2,132,461.0,-227.0,-167.0
original,2,133,463.0,-220.0,-168.0
original,2,134,463.0,-213.0,-168.0
original,2,135,465.0,-206.0,-168.0
original,2,136,466.0,-199.0,-169.0
original,2,137,467.0,-192.0,-169.0
original,2,138,468.0,-186.0,-169.0
original,2,139,469.0,-179.0,-169.0
original,2,140,469.0,-172.0,-170.0
original,2,141,470.0,-165.0,-170.0
original,2,142,471.0,-158.0,-170.0
original,2,143,471.0,-151.0,-171.0
original,2,144,472.0,-144.0,-171.0
original,2,145,472.0,-137.0,-171.0
original,2,146,472.0,-130.0,-172.0
original,2,147,472.0,-123.0,-172.0
original,2,148,472.0,-116.0,-172.0
original,2,149,472.0,-109.0,-173.0
original,2,150,472.0,-102.0,-173.0
original,2,151,472.0,-96.0,-173.0
original,2,152,471.0,-89.0,-174.0
original,2,153,470.0,-75.0,-174.0
original,2,154,469.0,-68.0,-175.0
original,2,155,469.0,-62.0,-175.0
original,2,156,469.0,-55.0,-176.0
original,2,157,468.0,-48.0,-176.0
original,2,158,466.0,-42.0,-176.0
original,2,159,465.0,-36.0,-177.0
original,2,160,464.0,-29.0,-177.0
original,2,161,463.0,-23.0,-177.0
original,2,162,462.0,-17.0,-178.0
original,2,163,460.0,-11.0,-178.0
original,2,164,459.0,-5.0,-178.0
original,2,165,458.0,0.0,-179.0
original,2,166,456.0,5.0,-179.0
original,2,167,454.0,11.0,-180.0
original,2,168,452.0,17.0,-180.0
original,2,169,451.0,23.0,-180.0
original,2,170,449.0,28.0,-181.0
original,2,171,447.0,34.0,-181.0
original,2,172,445.0,39.0,-182.0
original,2,173,443.0,44.0,-182.0
original,2,174,441.0,50.0,-182.0
original,2,175,439.0,55.0,-183.0
original,2,176,436.0,60.0,-183.0
original,2,177,435.0,65.0,-184.0
original,2,178,432.0,70.0,-184.0
original,2,179,430.0,74.0,-184.0
original,2,180,427.0,79.0,-185.0
original,2,181,425.0,84.0,-185.0
original,2,182,423.0,88.0,-186.0
original,2,183,420.0,93.0,-186.0
original,2,184,418.0,97.0,-186.0
original,2,185,415.0,102.0,-187.0
original,2,186,413.0,106.0,-187.0
original,2,187,409.0,110.0,-188.0
original,2,188,407.0,115.0,-188.0
original,2,189,404.0,119.0,-189.0
original,2,190,402.0,123.0,-189.0
original,2,191,398.0,127.0,-189.0
original,2,192,396.0,130.0,-190.0
original,2,193,392.0,134.0,-190.0
original,2,194,390.0,138.0,-191.0
original,2,195,387.0,141.0,-191.0
original,2,196,384.0,145.0,-191.0
original,2,197,381.0,148.0,-192.0
original,2,198,378.0,152.0,-192.0
original,2,199,375.0,155.0,-193.0
original,2,200,372.0,158.0,-193.0
original,2,201,369.0,161.0,-194.0
original,2,202,366.0,164.0,-194.0
original,2,203,363.0,167.0,-194.0
original,2,204,360.0,170.0,-195.0
original,2,205,357.0,172.0,-195.0
original,2,206,354.0,175.0,-196.0
original,2,207,350.0,178.0,-196.0
original,2,208,348.0,180.0,-196.0
original,2,209,344.0,183.0,-197.0
original,2,210,341.0,185.0,-197.0
original,2,211,338.0,187.0,-198.0
original,2,212,335.0,189.0,-198.0
original,2,213,332.0,191.0,-198.0
original,2,214,329.0,193.0,-199.0
original,2,215,326.0,195.0,-199.0
original,2,216,322.0,197.0,-200.0
original,2,217,320.0,199.0,-200.0
original,2,218,316.0,200.0,-200.0
original,2,219,314.0,202.0,-201.0
original,2,220,310.0,203.0,-201.0
original,2,221,308.0,205.0,-202.0
original,2,222,305.0,206.0,-202.0
original,2,223,302.0,207.0,-202.0
original,2,224,299.0,209.0,-203.0
original,2,225,296.0,210.0,-203.0
original,2,226,294.0,211.0,-203.0
original,2,227,290.0,212.0,-204.0
original,2,228,288.0,213.0,-204.0
original,2,229,285.0,214.0,-204.0
original,2,230,282.0,215.0,-205.0
original,2,231,279.0,216.0,-205.0
original,2,232,277.0,217.0,-205.0
original,2,233,273.0,218.0,-206.0
original,2,234,271.0,219.0,-206.0
original,2,235,268.0,220.0,-206.0
original,2,236,266.0,220.0,-207.0
original,2,237,263.0,221.0,-207.0
original,2,238,261.0,222.0,-207.0
original,2,239,258.0,223.0,-208.0
original,2,240,256.0,223.0,-208.0
original,2,241,253.0,224.0,-208.0
original,2,242,250.0,224.0,-208.0
original,2,243,248.0,225.0,-209.0
original,2,244,245.0,225.0,-209.0
original,2,245,243.0,226.0,-209.0
original,2,246,240.0,226.0,-209.0
original,2,247,239.0,227.0,-210.0
original,2,248,236.0,227.0,-210.0
original,2,249,234.0,227.0,-210.0
original,2,250,232.0,228.0,-210.0
original,2,251,229.0,228.0,-211.0
original,2,252,228.0,228.0,-211.0
original,2,253,225.0,229.0,-211.0
original,2,254,223.0,229.0,-211.0
original,2,255,222.0,229.0,-212.0
original,2,256,220.0,229.0,-212.0
original,2,257,218.0,229.0,-212.0
original,2,258,216.0,230.0,-212.0
original,2,259,214.0,230.0,-212.0
original,2,260,213.0,230.0,-212.0
original,2,261,212.0,230.0,-213.0
original,2,262,210.0,230.0,-213.0
original,2,263,208.0,230.0,-213.0
original,2,264,207.0,230.0,-213.0
original,2,265,206.0,230.0,-213.0
original,2,266,205.0,230.0,-213.0
original,2,267,204.0,230.0,-213.0
original,2,268,203.0,230.0,-213.0
original,2,269,202.0,230.0,-214.0
original,2,270,201.0,230.0,-214.0
original,2,271,201.0,230.0,-214.0
original,2,272,200.0,231.0,-214.0
original,2,273,200.0,231.0,-214.0
original,2,274,199.0,231.0,-214.0
original,2,275,199.0,231.0,-214.0
original,2,276,199.0,231.0,-214.0
original,2,277,199.0,231.0,-214.0
original,2,278,199.0,231.0,-214.0
original,2,279,199.0,231.0,-214.0
original,2,280,199.0,231.0,-214.0
original,2,281,199.0,231.0,-214.0
original,2,282,199.0,231.0,-214.0
original,2,283,200.0,231.0,-214.0
original,2,284,200.0,231.0,-214.0
original,2,285,201.0,230.0,-214.0
original,2,286,201.0,230.0,-214.0
original,2,287,201.0,230.0,-214.0
original,2,288,202.0,230.0,-214.0
original,2,289,203.0,230.0,-213.0
original,2,290,203.0,230.0,-213.0
original,2,291,204.0,230.0,-213.0
original,2,292,205.0,230.0,-213.0
original,2,293,207.0,230.0,-213.0
original,2,294,208.0,230.0,-213.0
original,2,295,209.0,230.0,-213.0
original,2,296,211.0,230.0,-213.0
original,2,297,212.0,230.0,-213.0
original,2,298,213.0,230.0,-212.0
original,2,299,215.0,230.0,-212.0
original,2,300,217.0,230.0,-212.0
original,2,301,218.0,229.0,-212.0
original,2,302,219.0,229.0,-212.0
original,2,303,222.0,229.0,-212.0
original,2,304,223.0,229.0,-211.0
original,2,305,225.0,229.0,-211.0
original,2,306,227.0,228.0,-211.0
original,2,307,229.0,228.0,-211.0
original,2,308,231.0,228.0,-210.0
original,2,309,234.0,228.0,-210.0
original,2,310,235.0,227.0,-210.0
original,2,311,238.0,227.0,-210.0
original,2,312,240.0,226.0,-209.0
original,2,313,243.0,226.0,-209.0
original,2,314,245.0,225.0,-209.0
original,2,315,248.0,225.0,-209.0
original,2,316,250.0,224.0,-208.0
original,2,317,253.0,224.0,-208.0
original,2,318,256.0,223.0,-208.0
original,2,319,259.0,222.0,-207.0
original,2,320,261.0,222.0,-207.0
original,2,321,265.0,221.0,-207.0
original,2,322,267.0,220.0,-206.0
original,2,323,273.0,218.0,-206.0
original,2,324,277.0,217.0,-205.0
original,2,325,280.0,216.0,-205.0
original,2,326,283.0,215.0,-205.0
original,2,327,287.0,214.0,-204.0
original,2,328,290.0,212.0,-204.0
original,2,329,294.0,211.0,-203.0
original,2,330,297.0,210.0,-203.0
original,2,331,300.0,208.0,-202.0
original,2,332,304.0,207.0,-202.0
original,2,333,307.0,205.0,-202.0
original,2,334,310.0,203.0,-201.0
original,2,335,315.0,201.0,-201.0
original,2,336,318.0,200.0,-200.0
original,2,337,321.0,198.0,-200.0
original,2,338,325.0,196.0,-199.0
original,2,339,329.0,194.0,-199.0
original,2,340,333.0,191.0,-198.0
original,2,341,337.0,189.0,-198.0
original,2,342,340.0,187.0,-197.0
original,2,343,344.0,184.0,-197.0
original,2,344,348.0,182.0,-196.0
original,2,345,351.0,179.0,-196.0
original,2,346,359.0,174.0,-195.0
original,2,347,363.0,171.0,-194.0
original,2,348,366.0,168.0,-194.0
original,2,349,370.0,166.0,-193.0
original,2,350,373.0,163.0,-193.0
original,2,351,376.0,160.0,-192.0
original,2,352,380.0,157.0,-192.0
original,2,353,383.0,154.0,-191.0
original,2,354,387.0,150.0,-191.0
original,2,355,390.0,147.0,-190.0
original,2,356,393.0,144.0,-189.0
original,2,357,397.0,140.0,-189.0
original,2,358,400.0,137.0,-188.0
original,2,359,403.0,133.0,-188.0
original,2,360,407.0,130.0,-187.0
original,2,361,410.0,126.0,-187.0
original,2,362,413.0,122.0,-186.0
original,2,363,416.0,119.0,-186.0
original,2,364,419.0,115.0,-185.0
original,2,365,422.0,111.0,-185.0
original,2,366,425.0,107.0,-184.0
original,2,367,428.0,104.0,-184.0
original,2,368,431.0,100.0,-183.0
original,2,369,433.0,96.0,-183.0
original,2,370,436.0,92.0,-182.0
original,2,371,439.0,88.0,-182.0
original,2,372,442.0,84.0,-181.0
original,2,373,444.0,80.0,-181.0
original,2,374,447.0,75.0,-180.0
original,2,375,449.0,71.0,-180.0
original,2,376,452.0,67.0,-179.0
original,2,377,453.0,63.0,-179.0
original,2,378,456.0,59.0,-179.0
original,2,379,458.0,54.0,-178.0
original,2,380,460.0,50.0,-178.0
original,2,381,463.0,46.0,-177.0
original,2,382,464.0,41.0,-177.0
original,2,383,467.0,37.0,-176.0
original,2,384,469.0,33.0,-176.0
original,2,385,470.0,28.0,-175.0
original,2,386,472.0,24.0,-175.0
original,2,387,474.0,19.0,-175.0
original,2,388,476.0,15.0,-174.0
original,2,389,478.0,10.0,-174.0
original,2,390,479.0,6.0,-173.0
original,2,391,480.0,1.0,-173.0
original,2,392,482.0,-3.0,-172.0
original,2,393,484.0,-7.0,-172.0
original,2,394,485.0,-12.0,-172.0
original,2,395,486.0,-17.0,-171.0
original,2,396,488.0,-21.0,-171.0
original,2,397,489.0,-26.0,-170.0
original,2,398,491.0,-31.0,-170.0
original,2,399,491.0,-36.0,-170.0
original,2,400,493.0,-40.0,-169.0
original,2,401,494.0,-45.0,-169.0
original,2,402,495.0,-50.0,-169.0
original,2,403,496.0,-55.0,-168.0
original,2,404,496.0,-59.0,-168.0
original,2,405,497.0,-64.0,-168.0
original,2,406,498.0,-69.0,-167.0
original,2,407,499.0,-74.0,-167.0
original,2,408,500.0,-78.0,-167.0
original,2,409,500.0,-83.0,-166.0
original,2,410,501.0,-88.0,-166.0
original,2,411,502.0,-92.0,-166.0
original,2,412,502.0,-97.0,-165.0
original,2,413,502.0,-102.0,-165.0
original,2,414,502.0,-106.0,-165.0
original,2,415,502.0,-111.0,-164.0
original,2,416,503.0,-120.0,-164.0
original,2,417,503.0,-125.0,-164.0
original,2,418,503.0,-129.0,-163.0
original,2,419,503.0,-134.0,-163.0
original,2,420,503.0,-138.0,-163.0
original,2,421,503.0,-143.0,-163.0
original,2,422,503.0,-147.0,-162.0
original,2,423,503.0,-152.0,-162.0
original,2,424,503.0,-156.0,-162.0
original,2,425,502.0,-161.0,-162.0
original,2,426,502.0,-165.0,-161.0
original,2,427,502.0,-169.0,-161.0
original,2,428,502.0,-173.0,-161.0
original,2,429,502.0,-177.0,-161.0
original,2,430,501.0,-182.0,-161.0
original,2,431,501.0,-186.0,-161.0
original,2,432,500.0,-189.0,-160.0
original,2,433,500.0,-193.0,-160.0
original,2,434,499.0,-197.0,-160.0
original,2,435,498.0,-201.0,-160.0
original,2,436,498.0,-205.0,-160.0
original,2,437,497.0,-208.0,-160.0
original,2,438,496.0,-212.0,-159.0
original,2,439,496.0,-216.0,-159.0
original,2,440,496.0,-219.0,-159.0
original,2,441,495.0,-223.0,-159.0
original,2,442,494.0,-227.0,-159.0
original,2,443,493.0,-230.0,-159.0
original,2,444,492.0,-234.0,-159.0
original,2,445,491.0,-238.0,-159.0
original,2,446,491.0,-242.0,-158.0
original,2,447,489.0,-247.0,-158.0
original,2,448,488.0,-250.0,-158.0
original,2,449,487.0,-254.0,-158.0
original,2,450,485.0,-259.0,-158.0
original,2,451,485.0,-263.0,-158.0
original,2,452,483.0,-267.0,-158.0
original,2,453,481.0,-271.0,-158.0
original,2,454,480.0,-276.0,-158.0
original,2,455,478.0,-281.0,-158.0
original,2,456,476.0,-285.0,-157.0
original,2,457,474.0,-290.0,-157.0
original,2,458,473.0,-295.0,-157.0
original,2,459,471.0,-300.0,-157.0
original,2,460,469.0,-304.0,-157.0
original,2,461,467.0,-309.0,-157.0
original,2,462,464.0,-314.0,-157.0
original,2,463,462.0,-319.0,-157.0
original,2,464,459.0,-324.0,-157.0
original,2,465,458.0,-329.0,-157.0
original,2,466,455.0,-334.0,-157.0
original,2,467,452.0,-339.0,-157.0
original,2,468,449.0,-344.0,-157.0
original,2,469,447.0,-349.0,-157.0
original,2,470,443.0,-354.0,-157.0
original,2,471,441.0,-359.0,-157.0
original,2,472,437.0,-364.0,-157.0
original,2,473,435.0,-369.0,-157.0
original,2,474,432.0,-373.0,-157.0
original,2,475,430.0,-377.0,-157.0
original,2,476,427.0,-380.0,-157.0
original,2,477,425.0,-383.0,-157.0
original,2,478,424.0,-385.0,-157.0
original,2,479,422.0,-388.0,-157.0
original,2,480,421.0,-390.0,-157.0
original,2,481,420.0,-392.0,-157.0
original,2,482,419.0,-393.0,-157.0
original,2,483,418.0,-395.0,-157.0
original,2,484,416.0,-397.0,-157.0
original,2,485,415.0,-398.0,-157.0
original,2,486,414.0,-400.0,-157.0
original,2,487,413.0,-401.0,-157.0
original,2,488,412.0,-403.0,-157.0
original,2,489,410.0,-405.0,-157.0
original,2,490,409.0,-407.0,-157.0
original,2,491,407.0,-410.0,-157.0
original,2,492,405.0,-412.0,-157.0
original,2,493,403.0,-414.0,-157.0
original,2,494,402.0,-417.0,-157.0
original,2,495,400.0,-419.0,-157.0
original,2,496,398.0,-422.0,-157.0
original,2,497,396.0,-425.0,-157.0
original,2,498,393.0,-428.0,-157.0
original,2,499,391.0,-431.0,-157.0
original,2,500,388.0,-434.0,-157.0
original,2,501,386.0,-437.0,-157.0
original,2,502,382.0,-440.0,-157.0
original,2,503,380.0,-444.0,-157.0
original,2,504,376.0,-447.0,-157.0
original,2,505,374.0,-451.0,-157.0
original,2,506,371.0,-454.0,-157.0
original,2,507,367.0,-458.0,-157.0
original,2,508,364.0,-461.0,-157.0
original,2,509,360.0,-465.0,-157.0
original,2,510,357.0,-468.0,-157.0
original,2,511,354.0,-472.0,-157.0
original,2,512,350.0,-476.0,-157.0
original,2,513,347.0,-479.0,-157.0
original,2,514,343.0,-483.0,-157.0
original,2,515,339.0,-486.0,-157.0
original,2,516,335.0,-490.0,-157.0
original,2,517,332.0,-493.0,-157.0
original,2,518,327.0,-497.0,-157.0
original,2,519,324.0,-500.0,-157.0
original,2,520,320.0,-504.0,-157.0
original,2,521,316.0,-507.0,-157.0
original,2,522,311.0,-510.0,-157.0
original,2,523,307.0,-514.0,-157.0
original,2,524,303.0,-517.0,-157.0
original,2,525,299.0,-520.0,-157.0
original,2,526,294.0,-524.0,-157.0
original,2,527,290.0,-527.0,-157.0
original,2,528,286.0,-530.0,-157.0
original,2,529,282.0,-533.0,-157.0
original,2,530,278.0,-536.0,-157.0
original,2,531,273.0,-539.0,-157.0
original,2,532,269.0,-542.0,-157.0
original,2,533,265.0,-545.0,-157.0
original,2,534,261.0,-548.0,-157.0
original,2,535,256.0,-550.0,-157.0
original,2,536,252.0,-553.0,-157.0
original,2,537,247.0,-555.0,-157.0
original,2,538,244.0,-558.0,-157.0
original,2,539,239.0,-560.0,-157.0
original,2,540,234.0,-563.0,-157.0
original,2,541,226.0,-567.0,-157.0
original,2,542,222.0,-570.0,-157.0
original,2,543,218.0,-572.0,-157.0
original,2,544,214.0,-574.0,-157.0
original,2,545,210.0,-576.0,-157.0
original,2,546,206.0,-578.0,-157.0
original,2,547,202.0,-579.0,-157.0
original,2,548,198.0,-581.0,-157.0
original,2,549,195.0,-583.0,-157.0
original,2,550,190.0,-584.0,-157.0
original,2,551,187.0,-586.0,-157.0
original,2,552,183.0,-588.0,-157.0
original,2,553,179.0,-589.0,-157.0
original,2,554,176.0,-590.0,-157.0
original,2,555,173.0,-592.0,-157.0
original,2,556,169.0,-593.0,-157.0
original,2,557,166.0,-594.0,-157.0
original,2,558,163.0,-596.0,-157.0
original,2,559,159.0,-597.0,-157.0
original,2,560,156.0,-598.0,-157.0
original,2,561,152.0,-599.0,-157.0
original,2,562,149.0,-600.0,-157.0
original,2,563,146.0,-601.0,-157.0
original,2,564,143.0,-602.0,-157.0
original,2,565,140.0,-603.0,-157.0
original,2,566,136.0,-604.0,-157.0
original,2,567,134.0,-605.0,-157.0
original,2,568,131.0,-605.0,-157.0
original,2,569,128.0,-606.0,-157.0
original,2,570,125.0,-607.0,-157.0
original,2,571,122.0,-608.0,-157.0
original,2,572,119.0,-608.0,-157.0
original,2,573,117.0,-609.0,-157.0
original,2,574,114.0,-610.0,-157.0
original,2,575,111.0,-610.0,-157.0
original,2,576,108.0,-611.0,-157.0
original,2,577,106.0,-611.0,-157.0
original,2,578,103.0,-612.0,-157.0
original,2,579,101.0,-612.0,-157.0
original,2,580,99.0,-613.0,-157.0
original,2,581,97.0,-613.0,-157.0
original,2,582,94.0,-614.0,-157.0
original,2,583,92.0,-614.0,-157.0
original,2,584,90.0,-615.0,-157.0
original,2,585,87.0,-615.0,-157.0
original,2,586,85.0,-615.0,-157.0
original,2,587,83.0,-616.0,-157.0
original,2,588,81.0,-616.0,-157.0
original,2,589,79.0,-616.0,-157.0
original,2,590,77.0,-617.0,-157.0
original,2,591,75.0,-617.0,-157.0
original,2,592,73.0,-617.0,-157.0
original,2,593,71.0,-618.0,-157.0
original,2,594,70.0,-618.0,-157.0
original,2,595,68.0,-618.0,-157.0
original,2,596,67.0,-618.0,-157.0
original,2,597,65.0,-618.0,-157.0
original,2,598,64.0,-618.0,-157.0
original,2,599,63.0,-619.0,-157.0
original,2,600,61.0,-619.0,-157.0
original,2,601,60.0,-619.0,-157.0
original,2,602,59.0,-619.0,-157.0
original,2,603,58.0,-619.0,-157.0
original,2,604,57.0,-619.0,-157.0
original,2,605,56.0,-619.0,-157.0
original,2,606,55.0,-619.0,-157.0
original,2,607,54.0,-619.0,-157.0
original,2,608,54.0,-620.0,-157.0
original,2,609,54.0,-620.0,-157.0
original,2,610,53.0,-620.0,-157.0
original,2,611,53.0,-620.0,-157.0
original,2,612,52.0,-620.0,-157.0
original,2,613,52.0,-620.0,-157.0
original,2,614,51.0,-620.0,-157.0
original,2,615,51.0,-620.0,-157.0
original,2,616,51.0,-620.0,-157.0
original,2,617,50.0,-620.0,-157.0
original,2,618,50.0,-620.0,-157.0
original,2,619,50.0,-620.0,-157.0
original,2,620,50.0,-620.0,-157.0
original,2,621,49.0,-620.0,-157.0
original,2,622,49.0,-620.0,-157.0
original,2,623,49.0,-620.0,-157.0
original,2,624,50.0,-620.0,-157.0
original,2,625,50.0,-620.0,-157.0
original,2,626,50.0,-620.0,-157.0
original,2,627,50.0,-620.0,-157.0
original,2,628,50.0,-620.0,-157.0
original,2,629,50.0,-620.0,-157.0
original,2,630,50.0,-620.0,-157.0
original,2,631,50.0,-620.0,-157.0
original,2,632,50.0,-620.0,-157.0
original,3,0,155.0,-585.0,-174.0
original,3,1,155.0,-585.0,-174.0
original,3,2,155.0,-585.0,-174.0
original,3,3,155.0,-584.0,-174.0
original,3,4,155.0,-584.0,-174.0
original,3,5,156.0,-584.0,-174.0
original,3,6,156.0,-584.0,-174.0
original,3,7,156.0,-584.0,-174.0
original,3,8,156.0,-584.0,-174.0
original,3,9,157.0,-584.0,-174.0
original,3,10,157.0,-584.0,-174.0
original,3,11,157.0,-584.0,-174.0
original,3,12,157.0,-584.0,-174.0
original,3,13,158.0,-583.0,-174.0
original,3,14,159.0,-583.0,-174.0
original,3,15,160.0,-583.0,-174.0
original,3,16,161.0,-582.0,-174.0
original,3,17,162.0,-582.0,-174.0
original,3,18,163.0,-582.0,-174.0
original,3,19,164.0,-581.0,-174.0
original,3,20,165.0,-581.0,-174.0
original,3,21,167.0,-580.0,-174.0
original,3,22,168.0,-580.0,-174.0
original,3,23,170.0,-579.0,-174.0
original,3,24,172.0,-578.0,-174.0
original,3,25,174.0,-578.0,-174.0
original,3,26,176.0,-577.0,-174.0
original,3,27,179.0,-576.0,-174.0
original,3,28,180.0,-575.0,-174.0
original,3,29,183.0,-574.0,-174.0
original,3,30,186.0,-573.0,-174.0
original,3,31,192.0,-570.0,-174.0
original,3,32,195.0,-569.0,-174.0
original,3,33,198.0,-567.0,-174.0
original,3,34,201.0,-566.0,-174.0
original,3,35,206.0,-564.0,-174.0
original,3,36,209.0,-562.0,-174.0
original,3,37,213.0,-560.0,-174.0
original,3,38,217.0,-558.0,-174.0
original,3,39,221.0,-556.0,-174.0
original,3,40,225.0,-553.0,-174.0
original,3,41,230.0,-551.0,-174.0
original,3,42,234.0,-549.0,-174.0
original,3,43,239.0,-546.0,-174.0
original,3,44,244.0,-543.0,-174.0
original,3,45,249.0,-540.0,-174.0
original,3,46,254.0,-537.0,-174.0
original,3,47,259.0,-533.0,-174.0
original,3,48,264.0,-530.0,-174.0
original,3,49,269.0,-526.0,-174.0
original,3,50,275.0,-523.0,-174.0
original,3,51,280.0,-519.0,-174.0
original,3,52,286.0,-514.0,-174.0
original,3,53,291.0,-510.0,-174.0
original,3,54,297.0,-505.0,-174.0
original,3,55,303.0,-501.0,-174.0
original,3,56,309.0,-496.0,-174.0
original,3,57,315.0,-491.0,-174.0
original,3,58,320.0,-485.0,-174.0
original,3,59,326.0,-480.0,-175.0
original,3,60,332.0,-474.0,-175.0
original,3,61,338.0,-468.0,-175.0
original,3,62,343.0,-462.0,-175.0
original,3,63,349.0,-456.0,-175.0
original,3,64,355.0,-449.0,-175.0
original,3,65,361.0,-443.0,-175.0
original,3,66,367.0,-436.0,-175.0
original,3,67,372.0,-429.0,-175.0
original,3,68,378.0,-422.0,-175.0
original,3,69,384.0,-414.0,-175.0
original,3,70,389.0,-407.0,-175.0
original,3,71,395.0,-399.0,-175.0
original,3,72,400.0,-391.0,-175.0
original,3,73,405.0,-383.0,-176.0
original,3,74,415.0,-366.0,-176.0
original,3,75,420.0,-358.0,-176.0
original,3,76,425.0,-349.0,-176.0
original,3,77,430.0,-340.0,-176.0
original,3,78,435.0,-331.0,-176.0
original,3,79,439.0,-323.0,-176.0
original,3,80,443.0,-313.0,-177.0
original,3,81,447.0,-304.0,-177.0
original,3,82,451.0,-295.0,-177.0
original,3,83,454.0,-286.0,-177.0
original,3,84,458.0,-276.0,-177.0
original,3,85,462.0,-267.0,-177.0
original,3,86,464.0,-257.0,-178.0
original,3,87,468.0,-248.0,-178.0
original,3,88,470.0,-238.0,-178.0
original,3,89,474.0,-228.0,-178.0
original,3,90,476.0,-219.0,-179.0
original,3,91,478.0,-209.0,-179.0
original,3,92,480.0,-199.0,-179.0
original,3,93,482.0,-189.0,-179.0
original,3,94,485.0,-179.0,-179.0
original,3,95,486.0,-169.0,-180.0
original,3,96,487.0,-159.0,-180.0
original,3,97,489.0,-149.0,-180.0
original,3,98,490.0,-139.0,-181.0
original,3,99,491.0,-129.0,-181.0
original,3,100,491.0,-119.0,-181.0
original,3,101,492.0,-109.0,-181.0
original,3,102,493.0,-99.0,-182.0
original,3,103,493.0,-90.0,-182.0
original,3,104,493.0,-79.0,-182.0
original,3,105,493.0,-69.0,-183.0
original,3,106,493.0,-60.0,-183.0
original,3,107,492.0,-50.0,-183.0
original,3,108,491.0,-40.0,-184.0
original,3,109,491.0,-30.0,-184.0
original,3,110,490.0,-20.0,-185.0
original,3,111,489.0,-10.0,-185.0
original,3,112,487.0,0.0,-185.0
original,3,113,485.0,8.0,-186.0
original,3,114,484.0,18.0,-186.0
original,3,115,482.0,28.0,-187.0
original,3,116,480.0,37.0,-187.0
original,3,117,478.0,47.0,-188.0
original,3,118,475.0,56.0,-188.0
original,3,119,472.0,66.0,-188.0
original,3,120,469.0,75.0,-189.0
original,3,121,467.0,84.0,-189.0
original,3,122,463.0,93.0,-190.0
original,3,123,460.0,102.0,-190.0
original,3,124,457.0,110.0,-191.0
original,3,125,453.0,119.0,-191.0
original,3,126,449.0,127.0,-192.0
original,3,127,446.0,135.0,-192.0
original,3,128,442.0,143.0,-193.0
original,3,129,437.0,151.0,-194.0
original,3,130,433.0,158.0,-194.0
original,3,131,429.0,166.0,-195.0
original,3,132,425.0,173.0,-195.0
original,3,133,420.0,179.0,-196.0
original,3,134,416.0,186.0,-196.0
original,3,135,411.0,192.0,-197.0
original,3,136,407.0,199.0,-197.0
original,3,137,402.0,205.0,-198.0
original,3,138,396.0,211.0,-199.0
original,3,139,392.0,217.0,-199.0
original,3,140,387.0,222.0,-200.0
original,3,141,382.0,227.0,-200.0
original,3,142,378.0,231.0,-201.0
original,3,143,373.0,235.0,-201.0
original,3,144,369.0,240.0,-202.0
original,3,145,364.0,243.0,-202.0
original,3,146,360.0,247.0,-203.0
original,3,147,355.0,250.0,-203.0
original,3,148,351.0,254.0,-204.0
original,3,149,346.0,257.0,-204.0
original,3,150,342.0,260.0,-205.0
original,3,151,338.0,262.0,-205.0
original,3,152,333.0,265.0,-206.0
original,3,153,329.0,267.0,-206.0
original,3,154,326.0,269.0,-207.0
original,3,155,321.0,271.0,-207.0
original,3,156,317.0,273.0,-208.0
original,3,157,313.0,275.0,-208.0
original,3,158,309.0,276.0,-209.0
original,3,159,305.0,278.0,-209.0
original,3,160,301.0,279.0,-210.0
original,3,161,297.0,281.0,-210.0
original,3,162,294.0,282.0,-211.0
original,3,163,289.0,284.0,-211.0
original,3,164,286.0,285.0,-212.0
original,3,165,282.0,286.0,-212.0
original,3,166,278.0,287.0,-213.0
original,3,167,270.0,289.0,-214.0
original,3,168,267.0,290.0,-214.0
original,3,169,263.0,291.0,-214.0
original,3,170,260.0,291.0,-215.0
original,3,171,256.0,292.0,-215.0
original,3,172,254.0,292.0,-216.0
original,3,173,251.0,292.0,-216.0
original,3,174,248.0,293.0,-216.0
original,3,175,246.0,293.0,-217.0
original,3,176,244.0,293.0,-217.0
original,3,177,241.0,293.0,-217.0
original,3,178,239.0,292.0,-217.0
original,3,179,239.0,292.0,-218.0
original,3,180,237.0,292.0,-218.0
original,3,181,236.0,290.0,-218.0
original,3,182,235.0,290.0,-218.0
original,3,183,235.0,289.0,-218.0
original,3,184,235.0,288.0,-218.0
original,3,185,236.0,287.0,-218.0
original,3,186,237.0,286.0,-218.0
original,3,187,238.0,285.0,-217.0
original,3,188,239.0,284.0,-217.0
original,3,189,240.0,283.0,-217.0
original,3,190,243.0,281.0,-217.0
original,3,191,245.0,280.0,-216.0
original,3,192,247.0,278.0,-216.0
original,3,193,250.0,277.0,-215.0
original,3,194,252.0,275.0,-215.0
original,3,195,255.0,273.0,-214.0
original,3,196,258.0,271.0,-214.0
original,3,197,261.0,269.0,-213.0
original,3,198,265.0,267.0,-213.0
original,3,199,268.0,265.0,-212.0
original,3,200,272.0,262.0,-212.0
original,3,201,277.0,260.0,-211.0
original,3,202,280.0,257.0,-210.0
original,3,203,285.0,254.0,-209.0
original,3,204,289.0,252.0,-209.0
original,3,205,294.0,249.0,-208.0
original,3,206,299.0,245.0,-207.0
original,3,207,303.0,242.0,-206.0
original,3,208,308.0,239.0,-205.0
original,3,209,313.0,235.0,-205.0
original,3,210,318.0,231.0,-204.0
original,3,211,323.0,227.0,-203.0
original,3,212,328.0,223.0,-202.0
original,3,213,334.0,219.0,-201.0
original,3,214,339.0,214.0,-200.0
original,3,215,344.0,209.0,-199.0
original,3,216,350.0,204.0,-198.0
original,3,217,356.0,198.0,-198.0
original,3,218,361.0,193.0,-197.0
original,3,219,367.0,187.0,-196.0
original,3,220,373.0,180.0,-195.0
original,3,221,378.0,174.0,-194.0
original,3,222,384.0,167.0,-193.0
original,3,223,389.0,160.0,-192.0
original,3,224,395.0,152.0,-191.0
original,3,225,400.0,145.0,-190.0
original,3,226,406.0,136.0,-189.0
original,3,227,411.0,128.0,-188.0
original,3,228,416.0,119.0,-187.0
original,3,229,421.0,110.0,-186.0
original,3,230,426.0,101.0,-185.0
original,3,231,431.0,92.0,-184.0
original,3,232,436.0,82.0,-182.0
original,3,233,440.0,72.0,-181.0
original,3,234,444.0,61.0,-180.0
original,3,235,448.0,50.0,-179.0
original,3,236,452.0,40.0,-178.0
original,3,237,456.0,29.0,-177.0
original,3,238,459.0,17.0,-176.0
original,3,239,462.0,6.0,-175.0
original,3,240,468.0,-16.0,-173.0
original,3,241,470.0,-27.0,-172.0
original,3,242,472.0,-38.0,-171.0
original,3,243,474.0,-49.0,-170.0
original,3,244,475.0,-60.0,-169.0
original,3,245,477.0,-71.0,-168.0
original,3,246,478.0,-82.0,-167.0
original,3,247,479.0,-92.0,-166.0
original,3,248,480.0,-103.0,-165.0
original,3,249,480.0,-113.0,-165.0
original,3,250,480.0,-124.0,-164.0
original,3,251,480.0,-134.0,-163.0
original,3,252,480.0,-144.0,-162.0
original,3,253,480.0,-153.0,-162.0
original,3,254,480.0,-163.0,-161.0
original,3,255,479.0,-173.0,-160.0
original,3,256,478.0,-182.0,-159.0
original,3,257,477.0,-191.0,-159.0
original,3,258,475.0,-201.0,-158.0
original,3,259,474.0,-210.0,-158.0
original,3,260,473.0,-219.0,-157.0
original,3,261,472.0,-228.0,-156.0
original,3,262,470.0,-236.0,-156.0
original,3,263,469.0,-245.0,-155.0
original,3,264,466.0,-253.0,-155.0
original,3,265,464.0,-262.0,-154.0
original,3,266,462.0,-270.0,-154.0
original,3,267,460.0,-278.0,-153.0
original,3,268,458.0,-286.0,-153.0
original,3,269,455.0,-294.0,-152.0
original,3,270,452.0,-301.0,-152.0
original,3,271,450.0,-309.0,-152.0
original,3,272,447.0,-316.0,-151.0
original,3,273,444.0,-324.0,-151.0
original,3,274,442.0,-331.0,-150.0
original,3,275,438.0,-338.0,-150.0
original,3,276,435.0,-345.0,-150.0
original,3,277,431.0,-352.0,-150.0
original,3,278,428.0,-359.0,-149.0
original,3,279,425.0,-366.0,-149.0
original,3,280,421.0,-372.0,-149.0
original,3,281,418.0,-379.0,-149.0
original,3,282,414.0,-385.0,-148.0
original,3,283,410.0,-391.0,-148.0
original,3,284,407.0,-397.0,-148.0
original,3,285,403.0,-403.0,-148.0
original,3,286,399.0,-409.0,-148.0
original,3,287,395.0,-415.0,-148.0
original,3,288,391.0,-421.0,-147.0
original,3,289,387.0,-426.0,-147.0
original,3,290,382.0,-431.0,-147.0
original,3,291,378.0,-437.0,-147.0
original,3,292,374.0,-442.0,-147.0
original,3,293,370.0,-447.0,-147.0
original,3,294,365.0,-452.0,-147.0
original,3,295,360.0,-457.0,-147.0
original,3,296,356.0,-462.0,-147.0
original,3,297,352.0,-466.0,-147.0
original,3,298,346.0,-472.0,-148.0
original,3,299,343.0,-474.0,-148.0
original,3,300,342.0,-476.0,-148.0
original,3,301,340.0,-477.0,-148.0
original,3,302,338.0,-479.0,-148.0
original,3,303,338.0,-480.0,-149.0
original,3,304,337.0,-480.0,-149.0
original,3,305,335.0,-481.0,-150.0
original,3,306,334.0,-482.0,-150.0
original,3,307,333.0,-483.0,-151.0
original,3,308,333.0,-483.0,-151.0
original,3,309,332.0,-484.0,-152.0
original,3,310,331.0,-484.0,-152.0
original,3,311,330.0,-485.0,-153.0
original,3,312,329.0,-486.0,-154.0
original,3,313,327.0,-487.0,-155.0
original,3,314,326.0,-488.0,-155.0
original,3,315,325.0,-489.0,-156.0
original,3,316,323.0,-491.0,-157.0
original,3,317,321.0,-492.0,-157.0
original,3,318,319.0,-493.0,-158.0
original,3,319,317.0,-495.0,-158.0
original,3,320,316.0,-496.0,-159.0
original,3,321,314.0,-498.0,-159.0
original,3,322,311.0,-499.0,-160.0
original,3,323,310.0,-501.0,-160.0
original,3,324,307.0,-503.0,-161.0
original,3,325,305.0,-505.0,-161.0
original,3,326,302.0,-507.0,-162.0
original,3,327,299.0,-509.0,-162.0
original,3,328,296.0,-511.0,-163.0
original,3,329,294.0,-512.0,-164.0
original,3,330,291.0,-514.0,-164.0
original,3,331,289.0,-516.0,-165.0
original,3,332,285.0,-518.0,-165.0
original,3,333,283.0,-520.0,-166.0
original,3,334,277.0,-524.0,-168.0
original,3,335,273.0,-526.0,-168.0
original,3,336,270.0,-528.0,-169.0
original,3,337,267.0,-530.0,-170.0
original,3,338,264.0,-532.0,-171.0
original,3,339,261.0,-533.0,-171.0
original,3,340,258.0,-535.0,-172.0
original,3,341,256.0,-537.0,-173.0
original,3,342,253.0,-538.0,-173.0
original,3,343,250.0,-539.0,-174.0
original,3,344,247.0,-541.0,-174.0
original,3,345,245.0,-542.0,-175.0
original,3,346,243.0,-544.0,-175.0
original,3,347,240.0,-545.0,-175.0
original,3,348,238.0,-546.0,-175.0
original,3,349,236.0,-547.0,-175.0
original,3,350,234.0,-549.0,-175.0
original,3,351,232.0,-550.0,-175.0
original,3,352,230.0,-551.0,-175.0
original,3,353,228.0,-552.0,-175.0
original,3,354,227.0,-553.0,-175.0
original,3,355,225.0,-554.0,-175.0
original,3,356,223.0,-555.0,-175.0
original,3,357,222.0,-555.0,-175.0
original,3,358,220.0,-556.0,-175.0
original,3,359,218.0,-557.0,-175.0
original,3,360,218.0,-558.0,-175.0
original,3,361,216.0,-558.0,-175.0
original,3,362,214.0,-559.0,-175.0
original,3,363,213.0,-560.0,-175.0
original,3,364,212.0,-560.0,-175.0
original,3,365,211.0,-561.0,-175.0
original,3,366,210.0,-562.0,-175.0
original,3,367,208.0,-562.0,-175.0
original,3,368,207.0,-563.0,-175.0
original,3,369,207.0,-563.0,-175.0
original,3,370,206.0,-563.0,-175.0
original,3,371,206.0,-564.0,-175.0
original,3,372,205.0,-564.0,-175.0
original,3,373,205.0,-564.0,-175.0
original,3,374,204.0,-564.0,-175.0
original,3,375,204.0,-564.0,-175.0
original,3,376,203.0,-565.0,-175.0
original,3,377,203.0,-565.0,-175.0
original,3,378,203.0,-565.0,-175.0
original,3,379,203.0,-565.0,-175.0
original,3,380,203.0,-565.0,-175.0
original,3,381,203.0,-565.0,-175.0
original,3,382,203.0,-565.0,-175.0
original,3,383,204.0,-564.0,-175.0
original,3,384,204.0,-564.0,-175.0
original,3,385,204.0,-564.0,-175.0
original,3,386,204.0,-564.0,-175.0
original,3,387,204.0,-564.0,-175.0
original,3,388,204.0,-564.0,-175.0
original,3,389,204.0,-564.0,-175.0
original,3,390,204.0,-564.0,-175.0
original,3,391,204.0,-564.0,-175.0
original,3,392,204.0,-564.0,-175.0
original,3,393,204.0,-564.0,-175.0
original,3,394,204.0,-564.0,-175.0
original,3,395,204.0,-564.0,-175.0
original,3,396,204.0,-564.0,-175.0
original,3,397,204.0,-564.0,-175.0
original,4,0,204.0,-564.0,-175.0
original,4,1,204.0,-564.0,-175.0
original,4,2,204.0,-564.0,-175.0
original,4,3,204.0,-564.0,-175.0
original,4,4,204.0,-564.0,-175.0
original,4,5,204.0,-564.0,-175.0
original,4,6,204.0,-564.0,-175.0
original,4,7,204.0,-564.0,-175.0
original,4,8,204.0,-564.0,-175.0
original,4,9,204.0,-564.0,-175.0
original,4,10,204.0,-564.0,-175.0
original,4,11,204.0,-564.0,-175.0
original,4,12,205.0,-564.0,-175.0
original,4,13,205.0,-564.0,-175.0
original,4,14,206.0,-564.0,-175.0
original,4,15,207.0,-563.0,-175.0
original,4,16,207.0,-563.0,-175.0
original,4,17,208.0,-562.0,-175.0
original,4,18,209.0,-562.0,-175.0
original,4,19,210.0,-561.0,-175.0
original,4,20,212.0,-561.0,-175.0
original,4,21,213.0,-560.0,-175.0
original,4,22,215.0,-559.0,-175.0
original,4,23,217.0,-558.0,-175.0
original,4,24,218.0,-557.0,-175.0
original,4,25,221.0,-556.0,-175.0
original,4,26,223.0,-555.0,-175.0
original,4,27,226.0,-553.0,-175.0
original,4,28,228.0,-552.0,-175.0
original,4,29,231.0,-550.0,-175.0
original,4,30,234.0,-548.0,-175.0
original,4,31,238.0,-546.0,-175.0
original,4,32,241.0,-544.0,-175.0
original,4,33,245.0,-542.0,-175.0
original,4,34,249.0,-540.0,-175.0
original,4,35,253.0,-537.0,-175.0
original,4,36,256.0,-534.0,-175.0
original,4,37,261.0,-532.0,-175.0
original,4,38,266.0,-529.0,-175.0
original,4,39,270.0,-525.0,-175.0
original,4,40,275.0,-522.0,-175.0
original,4,41,279.0,-519.0,-175.0
original,4,42,284.0,-515.0,-175.0
original,4,43,289.0,-511.0,-175.0
original,4,44,294.0,-507.0,-175.0
original,4,45,299.0,-503.0,-175.0
original,4,46,305.0,-498.0,-175.0
original,4,47,310.0,-493.0,-175.0
original,4,48,316.0,-488.0,-175.0
original,4,49,321.0,-483.0,-175.0
original,4,50,333.0,-472.0,-175.0
original,4,51,338.0,-466.0,-175.0
original,4,52,344.0,-460.0,-175.0
original,4,53,350.0,-454.0,-176.0
original,4,54,356.0,-447.0,-176.0
original,4,55,362.0,-441.0,-176.0
original,4,56,368.0,-434.0,-176.0
original,4,57,374.0,-426.0,-176.0
original,4,58,379.0,-419.0,-176.0
original,4,59,385.0,-411.0,-176.0
original,4,60,391.0,-404.0,-176.0
original,4,61,396.0,-395.0,-176.0
original,4,62,402.0,-387.0,-176.0
original,4,63,407.0,-379.0,-176.0
original,4,64,413.0,-370.0,-177.0
original,4,65,418.0,-361.0,-177.0
original,4,66,423.0,-352.0,-177.0
original,4,67,428.0,-343.0,-177.0
original,4,68,432.0,-333.0,-177.0
original,4,69,437.0,-324.0,-177.0
original,4,70,442.0,-314.0,-177.0
original,4,71,446.0,-304.0,-178.0
original,4,72,450.0,-294.0,-178.0
original,4,73,454.0,-284.0,-178.0
original,4,74,458.0,-274.0,-178.0
original,4,75,462.0,-264.0,-178.0
original,4,76,465.0,-253.0,-179.0
original,4,77,469.0,-243.0,-179.0
original,4,78,472.0,-232.0,-179.0
original,4,79,474.0,-222.0,-179.0
original,4,80,477.0,-211.0,-179.0
original,4,81,480.0,-200.0,-180.0
original,4,82,482.0,-189.0,-180.0
original,4,83,484.0,-178.0,-180.0
original,4,84,486.0,-167.0,-180.0
original,4,85,488.0,-156.0,-181.0
original,4,86,490.0,-145.0,-181.0
original,4,87,491.0,-134.0,-181.0
original,4,88,491.0,-123.0,-182.0
original,4,89,492.0,-112.0,-182.0
original,4,90,493.0,-100.0,-182.0
original,4,91,494.0,-89.0,-182.0
original,4,92,494.0,-78.0,-183.0
original,4,93,494.0,-67.0,-183.0
original,4,94,494.0,-56.0,-183.0
original,4,95,493.0,-45.0,-184.0
original,4,96,492.0,-34.0,-184.0
original,4,97,491.0,-23.0,-185.0
original,4,98,491.0,-12.0,-185.0
original,4,99,490.0,-2.0,-185.0
original,4,100,488.0,8.0,-186.0
original,4,101,486.0,19.0,-186.0
original,4,102,485.0,30.0,-186.0
original,4,103,482.0,40.0,-187.0
original,4,104,480.0,51.0,-187.0
original,4,105,477.0,61.0,-188.0
original,4,106,474.0,71.0,-188.0
original,4,107,472.0,81.0,-189.0
original,4,108,469.0,91.0,-189.0
original,4,109,465.0,101.0,-189.0
original,4,110,462.0,111.0,-190.0
original,4,111,458.0,120.0,-190.0
original,4,112,455.0,129.0,-191.0
original,4,113,451.0,138.0,-191.0
original,4,114,447.0,147.0,-192.0
original,4,115,442.0,156.0,-192.0
original,4,116,439.0,164.0,-193.0
original,4,117,434.0,172.0,-193.0
original,4,118,430.0,180.0,-194.0
original,4,119,425.0,188.0,-194.0
original,4,120,420.0,195.0,-195.0
original,4,121,416.0,202.0,-195.0
original,4,122,412.0,209.0,-196.0
original,4,123,407.0,216.0,-196.0
original,4,124,403.0,222.0,-197.0
original,4,125,398.0,228.0,-197.0
original,4,126,393.0,233.0,-198.0
original,4,127,388.0,239.0,-198.0
original,4,128,384.0,244.0,-199.0
original,4,129,379.0,249.0,-199.0
original,4,130,375.0,253.0,-200.0
original,4,131,371.0,258.0,-200.0
original,4,132,366.0,262.0,-200.0
original,4,133,362.0,266.0,-201.0
original,4,134,358.0,269.0,-201.0
original,4,135,354.0,272.0,-202.0
original,4,136,349.0,276.0,-202.0
original,4,137,345.0,278.0,-203.0
original,4,138,342.0,281.0,-203.0
original,4,139,338.0,283.0,-203.0
original,4,140,334.0,286.0,-204.0
original,4,141,331.0,288.0,-204.0
original,4,142,327.0,290.0,-205.0
original,4,143,325.0,291.0,-205.0
original,4,144,321.0,293.0,-205.0
original,4,145,318.0,294.0,-206.0
original,4,146,316.0,295.0,-206.0
original,4,147,313.0,296.0,-206.0
original,4,148,307.0,298.0,-207.0
original,4,149,305.0,299.0,-207.0
original,4,150,302.0,300.0,-208.0
original,4,151,299.0,301.0,-208.0
original,4,152,297.0,302.0,-208.0
original,4,153,294.0,302.0,-209.0
original,4,154,292.0,303.0,-209.0
original,4,155,290.0,303.0,-209.0
original,4,156,288.0,304.0,-210.0
original,4,157,285.0,304.0,-210.0
original,4,158,283.0,305.0,-210.0
original,4,159,281.0,305.0,-210.0
original,4,160,279.0,306.0,-211.0
original,4,161,277.0,306.0,-211.0
original,4,162,275.0,307.0,-211.0
original,4,163,273.0,307.0,-211.0
original,4,164,272.0,307.0,-212.0
original,4,165,270.0,308.0,-212.0
original,4,166,268.0,308.0,-212.0
original,4,167,267.0,308.0,-212.0
original,4,168,265.0,308.0,-212.0
original,4,169,263.0,308.0,-213.0
original,4,170,262.0,308.0,-213.0
original,4,171,261.0,308.0,-213.0
original,4,172,260.0,308.0,-213.0
original,4,173,259.0,308.0,-213.0
original,4,174,258.0,308.0,-213.0
original,4,175,258.0,308.0,-213.0
original,4,176,257.0,308.0,-214.0
original,4,177,257.0,307.0,-214.0
original,4,178,257.0,307.0,-214.0
original,4,179,257.0,306.0,-214.0
original,4,180,257.0,306.0,-214.0
original,4,181,258.0,305.0,-214.0
original,4,182,259.0,305.0,-214.0
original,4,183,260.0,304.0,-214.0
original,4,184,261.0,303.0,-214.0
original,4,185,261.0,303.0,-214.0
original,4,186,263.0,302.0,-213.0
original,4,187,264.0,301.0,-213.0
original,4,188,266.0,300.0,-213.0
original,4,189,267.0,299.0,-213.0
original,4,190,270.0,298.0,-213.0
original,4,191,272.0,296.0,-213.0
original,4,192,274.0,295.0,-213.0
original,4,193,279.0,292.0,-212.0
original,4,194,282.0,291.0,-212.0
original,4,195,285.0,289.0,-212.0
original,4,196,288.0,287.0,-211.0
original,4,197,291.0,285.0,-211.0
original,4,198,294.0,283.0,-211.0
original,4,199,298.0,281.0,-211.0
original,4,200,302.0,278.0,-210.0
original,4,201,305.0,276.0,-210.0
original,4,202,310.0,273.0,-210.0
original,4,203,314.0,271.0,-209.0
original,4,204,317.0,268.0,-209.0
original,4,205,322.0,265.0,-208.0
original,4,206,327.0,261.0,-208.0
original,4,207,331.0,258.0,-207.0
original,4,208,335.0,255.0,-207.0
original,4,209,344.0,247.0,-206.0
original,4,210,349.0,243.0,-206.0
original,4,211,354.0,238.0,-205.0
original,4,212,359.0,234.0,-205.0
original,4,213,363.0,230.0,-204.0
original,4,214,368.0,225.0,-204.0
original,4,215,372.0,220.0,-203.0
original,4,216,377.0,215.0,-203.0
original,4,217,381.0,210.0,-202.0
original,4,218,387.0,204.0,-202.0
original,4,219,391.0,199.0,-201.0
original,4,220,395.0,193.0,-201.0
original,4,221,399.0,188.0,-200.0
original,4,222,404.0,182.0,-199.0
original,4,223,409.0,176.0,-199.0
original,4,224,413.0,169.0,-198.0
original,4,225,417.0,163.0,-198.0
original,4,226,421.0,156.0,-197.0
original,4,227,425.0,149.0,-197.0
original,4,228,430.0,142.0,-196.0
original,4,229,433.0,135.0,-196.0
original,4,230,437.0,128.0,-195.0
original,4,231,441.0,120.0,-195.0
original,4,232,445.0,112.0,-194.0
original,4,233,448.0,104.0,-194.0
original,4,234,452.0,96.0,-193.0
original,4,235,455.0,88.0,-192.0
original,4,236,458.0,80.0,-192.0
original,4,237,462.0,72.0,-191.0
original,4,238,464.0,63.0,-191.0
original,4,239,467.0,55.0,-190.0
original,4,240,470.0,46.0,-190.0
original,4,241,473.0,37.0,-189.0
original,4,242,474.0,28.0,-189.0
original,4,243,477.0,19.0,-188.0
original,4,244,480.0,10.0,-188.0
original,4,245,481.0,1.0,-187.0
original,4,246,483.0,-7.0,-187.0
original,4,247,485.0,-16.0,-186.0
original,4,248,485.0,-25.0,-186.0
original,4,249,487.0,-34.0,-186.0
original,4,250,488.0,-43.0,-185.0
original,4,251,489.0,-52.0,-185.0
original,4,252,490.0,-61.0,-184.0
original,4,253,491.0,-70.0,-184.0
original,4,254,491.0,-79.0,-183.0
original,4,255,491.0,-88.0,-183.0
original,4,256,491.0,-97.0,-183.0
original,4,257,491.0,-105.0,-182.0
original,4,258,491.0,-114.0,-182.0
original,4,259,491.0,-122.0,-182.0
original,4,260,491.0,-130.0,-181.0
original,4,261,491.0,-138.0,-181.0
original,4,262,491.0,-146.0,-181.0
original,4,263,490.0,-154.0,-180.0
original,4,264,489.0,-162.0,-180.0
original,4,265,488.0,-170.0,-180.0
original,4,266,487.0,-177.0,-179.0
original,4,267,486.0,-185.0,-179.0
original,4,268,485.0,-192.0,-179.0
original,4,269,484.0,-200.0,-179.0
original,4,270,482.0,-207.0,-178.0
original,4,271,481.0,-214.0,-178.0
original,4,272,480.0,-221.0,-178.0
original,4,273,478.0,-228.0,-178.0
original,4,274,476.0,-235.0,-177.0
original,4,275,474.0,-241.0,-177.0
original,4,276,473.0,-248.0,-177.0
original,4,277,471.0,-255.0,-177.0
original,4,278,469.0,-261.0,-177.0
original,4,279,467.0,-268.0,-176.0
original,4,280,465.0,-274.0,-176.0
original,4,281,463.0,-281.0,-176.0
original,4,282,460.0,-287.0,-176.0
original,4,283,458.0,-294.0,-176.0
original,4,284,456.0,-300.0,-176.0
original,4,285,452.0,-306.0,-175.0
original,4,286,450.0,-313.0,-175.0
original,4,287,447.0,-319.0,-175.0
original,4,288,444.0,-325.0,-175.0
original,4,289,442.0,-332.0,-175.0
original,4,290,438.0,-338.0,-175.0
original,4,291,435.0,-344.0,-175.0
original,4,292,431.0,-350.0,-175.0
original,4,293,428.0,-356.0,-175.0
original,4,294,425.0,-362.0,-175.0
original,4,295,421.0,-368.0,-175.0
original,4,296,417.0,-374.0,-175.0
original,4,297,414.0,-380.0,-175.0
original,4,298,409.0,-386.0,-175.0
original,4,299,405.0,-392.0,-175.0
original,4,300,401.0,-398.0,-175.0
original,4,301,398.0,-403.0,-175.0
original,4,302,394.0,-407.0,-175.0
original,4,303,391.0,-411.0,-175.0
original,4,304,389.0,-414.0,-175.0
original,4,305,387.0,-416.0,-175.0
original,4,306,385.0,-418.0,-175.0
original,4,307,383.0,-420.0,-175.0
original,4,308,382.0,-422.0,-175.0
original,4,309,381.0,-424.0,-175.0
original,4,310,380.0,-425.0,-175.0
original,4,311,378.0,-427.0,-175.0
original,4,312,377.0,-428.0,-175.0
original,4,313,376.0,-429.0,-175.0
original,4,314,375.0,-431.0,-175.0
original,4,315,374.0,-432.0,-175.0
original,4,316,373.0,-433.0,-175.0
original,4,317,371.0,-435.0,-175.0
original,4,318,370.0,-437.0,-175.0
original,4,319,368.0,-438.0,-175.0
original,4,320,366.0,-440.0,-175.0
original,4,321,365.0,-442.0,-175.0
original,4,322,363.0,-444.0,-175.0
original,4,323,361.0,-446.0,-175.0
original,4,324,360.0,-448.0,-175.0
original,4,325,358.0,-450.0,-175.0
original,4,326,355.0,-453.0,-175.0
original,4,327,354.0,-455.0,-175.0
original,4,328,351.0,-457.0,-175.0
original,4,329,349.0,-460.0,-175.0
original,4,330,347.0,-462.0,-175.0
original,4,331,344.0,-464.0,-175.0
original,4,332,342.0,-467.0,-175.0
original,4,333,339.0,-469.0,-175.0
original,4,334,337.0,-472.0,-175.0
original,4,335,334.0,-474.0,-175.0
original,4,336,332.0,-476.0,-175.0
original,4,337,329.0,-479.0,-175.0
original,4,338,327.0,-481.0,-175.0
original,4,339,324.0,-484.0,-175.0
original,4,340,321.0,-486.0,-175.0
original,4,341,318.0,-488.0,-175.0
original,4,342,316.0,-491.0,-175.0
original,4,343,312.0,-493.0,-175.0
original,4,344,310.0,-496.0,-175.0
original,4,345,307.0,-498.0,-175.0
original,4,346,304.0,-501.0,-175.0
original,4,347,301.0,-503.0,-175.0
original,4,348,299.0,-505.0,-175.0
original,4,349,295.0,-507.0,-175.0
original,4,350,293.0,-510.0,-175.0
original,4,351,290.0,-512.0,-175.0
original,4,352,287.0,-514.0,-175.0
original,4,353,284.0,-516.0,-175.0
original,4,354,282.0,-518.0,-175.0
original,4,355,279.0,-520.0,-175.0
original,4,356,276.0,-522.0,-175.0
original,4,357,273.0,-524.0,-175.0
original,4,358,271.0,-525.0,-175.0
original,4,359,268.0,-527.0,-175.0
original,4,360,267.0,-529.0,-175.0
original,4,361,264.0,-530.0,-175.0
original,4,362,261.0,-532.0,-175.0
original,4,363,259.0,-534.0,-175.0
original,4,364,256.0,-535.0,-175.0
original,4,365,255.0,-536.0,-175.0
original,4,366,252.0,-538.0,-175.0
original,4,367,250.0,-539.0,-175.0
original,4,368,248.0,-540.0,-175.0
original,4,369,246.0,-541.0,-175.0
original,4,370,245.0,-543.0,-175.0
original,4,371,243.0,-544.0,-175.0
original,4,372,240.0,-545.0,-175.0
original,4,373,239.0,-546.0,-175.0
original,4,374,238.0,-547.0,-175.0
original,4,375,236.0,-548.0,-175.0
original,4,376,234.0,-548.0,-175.0
original,4,377,234.0,-549.0,-175.0
original,4,378,232.0,-550.0,-175.0
original,4,379,231.0,-550.0,-175.0
original,4,380,230.0,-551.0,-175.0
original,4,381,229.0,-551.0,-175.0
original,4,382,228.0,-552.0,-175.0
original,4,383,228.0,-552.0,-175.0
original,4,384,228.0,-552.0,-175.0
original,4,385,227.0,-553.0,-175.0
original,4,386,227.0,-553.0,-175.0
original,4,387,226.0,-553.0,-175.0
original,4,388,226.0,-553.0,-175.0
original,4,389,226.0,-553.0,-175.0
original,4,390,226.0,-553.0,-175.0
original,4,391,227.0,-553.0,-175.0
original,4,392,227.0,-553.0,-175.0
original,4,393,227.0,-553.0,-175.0
original,4,394,227.0,-553.0,-175.0
original,4,395,227.0,-553.0,-175.0
original,4,396,227.0,-552.0,-175.0
original,4,397,228.0,-552.0,-175.0
original,4,398,228.0,-552.0,-175.0
original,4,399,228.0,-552.0,-175.0
original,4,400,228.0,-552.0,-175.0
original,4,401,228.0,-552.0,-175.0
original,4,402,228.0,-552.0,-175.0
original,4,403,228.0,-552.0,-175.0
original,4,404,228.0,-552.0,-175.0
original,4,405,227.0,-552.0,-175.0
original,4,406,227.0,-552.0,-175.0
original,4,407,227.0,-552.0,-175.0
original,4,408,227.0,-552.0,-175.0
original,4,409,227.0,-552.0,-175.0
original,4,410,227.0,-552.0,-175.0
original,5,0,114.0,-634.0,-151.0
original,5,1,114.0,-634.0,-151.0
original,5,2,114.0,-634.0,-151.0
original,5,3,114.0,-634.0,-151.0
original,5,4,114.0,-634.0,-151.0
original,5,5,114.0,-634.0,-151.0
original,5,6,114.0,-634.0,-151.0
original,5,7,114.0,-634.0,-151.0
original,5,8,114.0,-634.0,-151.0
original,5,9,114.0,-634.0,-151.0
original,5,10,114.0,-634.0,-151.0
original,5,11,114.0,-634.0,-151.0
original,5,12,114.0,-634.0,-151.0
original,5,13,114.0,-634.0,-151.0
original,5,14,114.0,-634.0,-151.0
original,5,15,114.0,-634.0,-151.0
original,5,16,114.0,-634.0,-151.0
original,5,17,114.0,-634.0,-151.0
original,5,18,114.0,-634.0,-151.0
original,5,19,114.0,-634.0,-151.0
original,5,20,114.0,-634.0,-151.0
original,5,21,114.0,-634.0,-151.0
original,5,22,114.0,-634.0,-151.0
original,5,23,114.0,-634.0,-151.0
original,5,24,114.0,-634.0,-151.0
original,5,25,114.0,-634.0,-151.0
original,5,26,115.0,-634.0,-151.0
original,5,27,116.0,-634.0,-151.0
original,5,28,117.0,-634.0,-151.0
original,5,29,118.0,-634.0,-151.0
original,5,30,119.0,-633.0,-151.0
original,5,31,119.0,-633.0,-151.0
original,5,32,121.0,-633.0,-151.0
original,5,33,123.0,-632.0,-151.0
original,5,34,125.0,-632.0,-151.0
original,5,35,126.0,-631.0,-151.0
original,5,36,128.0,-631.0,-151.0
original,5,37,130.0,-630.0,-151.0
original,5,38,133.0,-630.0,-151.0
original,5,39,136.0,-629.0,-151.0
original,5,40,138.0,-628.0,-151.0
original,5,41,141.0,-627.0,-151.0
original,5,42,144.0,-626.0,-151.0
original,5,43,147.0,-625.0,-151.0
original,5,44,151.0,-624.0,-151.0
original,5,45,155.0,-623.0,-151.0
original,5,46,158.0,-622.0,-151.0
original,5,47,163.0,-621.0,-151.0
original,5,48,167.0,-619.0,-151.0
original,5,49,171.0,-618.0,-151.0
original,5,50,175.0,-616.0,-151.0
original,5,51,179.0,-614.0,-151.0
original,5,52,185.0,-613.0,-151.0
original,5,53,189.0,-611.0,-151.0
original,5,54,194.0,-609.0,-151.0
original,5,55,204.0,-604.0,-151.0
original,5,56,209.0,-602.0,-151.0
original,5,57,214.0,-600.0,-151.0
original,5,58,220.0,-597.0,-151.0
original,5,59,225.0,-594.0,-151.0
original,5,60,231.0,-591.0,-151.0
original,5,61,236.0,-588.0,-151.0
original,5,62,242.0,-585.0,-151.0
original,5,63,248.0,-582.0,-151.0
original,5,64,253.0,-579.0,-151.0
original,5,65,259.0,-575.0,-151.0
original,5,66,265.0,-572.0,-151.0
original,5,67,271.0,-568.0,-151.0
original,5,68,277.0,-564.0,-151.0
original,5,69,283.0,-560.0,-151.0
original,5,70,288.0,-556.0,-151.0
original,5,71,294.0,-552.0,-151.0
original,5,72,299.0,-548.0,-151.0
original,5,73,305.0,-544.0,-151.0
original,5,74,311.0,-539.0,-151.0
original,5,75,316.0,-535.0,-151.0
original,5,76,322.0,-530.0,-151.0
original,5,77,328.0,-525.0,-151.0
original,5,78,333.0,-521.0,-151.0
original,5,79,339.0,-516.0,-151.0
original,5,80,345.0,-511.0,-151.0
original,5,81,350.0,-505.0,-151.0
original,5,82,356.0,-500.0,-151.0
original,5,83,361.0,-495.0,-151.0
original,5,84,367.0,-489.0,-151.0
original,5,85,372.0,-484.0,-151.0
original,5,86,383.0,-472.0,-151.0
original,5,87,388.0,-466.0,-151.0
original,5,88,393.0,-460.0,-151.0
original,5,89,398.0,-454.0,-151.0
original,5,90,403.0,-448.0,-151.0
original,5,91,408.0,-442.0,-151.0
original,5,92,413.0,-436.0,-151.0
original,5,93,418.0,-430.0,-151.0
original,5,94,422.0,-424.0,-151.0
original,5,95,427.0,-418.0,-151.0
original,5,96,431.0,-411.0,-151.0
original,5,97,436.0,-405.0,-151.0
original,5,98,440.0,-398.0,-151.0
original,5,99,444.0,-392.0,-151.0
original,5,100,448.0,-385.0,-151.0
original,5,101,452.0,-378.0,-151.0
original,5,102,457.0,-371.0,-151.0
original,5,103,461.0,-364.0,-151.0
original,5,104,465.0,-357.0,-151.0
original,5,105,469.0,-350.0,-151.0
original,5,106,473.0,-343.0,-151.0
original,5,107,477.0,-335.0,-151.0
original,5,108,480.0,-328.0,-151.0
original,5,109,485.0,-320.0,-151.0
original,5,110,488.0,-313.0,-151.0
original,5,111,491.0,-305.0,-151.0
original,5,112,495.0,-297.0,-151.0
original,5,113,498.0,-290.0,-151.0
original,5,114,502.0,-282.0,-151.0
original,5,115,508.0,-267.0,-151.0
original,5,116,511.0,-259.0,-151.0
original,5,117,513.0,-251.0,-151.0
original,5,118,517.0,-244.0,-151.0
original,5,119,519.0,-236.0,-151.0
original,5,120,522.0,-228.0,-151.0
original,5,121,524.0,-220.0,-151.0
original,5,122,526.0,-212.0,-151.0
original,5,123,529.0,-205.0,-151.0
original,5,124,531.0,-197.0,-151.0
original,5,125,533.0,-189.0,-151.0
original,5,126,534.0,-182.0,-151.0
original,5,127,537.0,-174.0,-151.0
original,5,128,539.0,-167.0,-151.0
original,5,129,540.0,-159.0,-151.0
original,5,130,542.0,-152.0,-151.0
original,5,131,543.0,-144.0,-151.0
original,5,132,545.0,-137.0,-151.0
original,5,133,546.0,-130.0,-151.0
original,5,134,547.0,-122.0,-151.0
original,5,135,549.0,-115.0,-151.0
original,5,136,550.0,-108.0,-151.0
original,5,137,551.0,-100.0,-151.0
original,5,138,551.0,-93.0,-151.0
original,5,139,552.0,-86.0,-151.0
original,5,140,553.0,-79.0,-151.0
original,5,141,554.0,-71.0,-151.0
original,5,142,555.0,-64.0,-151.0
original,5,143,556.0,-57.0,-151.0
original,5,144,556.0,-50.0,-151.0
original,5,145,556.0,-43.0,-151.0
original,5,146,556.0,-36.0,-151.0
original,5,147,557.0,-30.0,-151.0
original,5,148,557.0,-23.0,-151.0
original,5,149,557.0,-17.0,-151.0
original,5,150,558.0,-10.0,-151.0
original,5,151,558.0,-4.0,-151.0
original,5,152,558.0,0.0,-151.0
original,5,153,558.0,6.0,-151.0
original,5,154,558.0,12.0,-151.0
original,5,155,558.0,17.0,-151.0
original,5,156,557.0,22.0,-151.0
original,5,157,557.0,26.0,-151.0
original,5,158,557.0,31.0,-151.0
original,5,159,557.0,35.0,-151.0
original,5,160,557.0,39.0,-151.0
original,5,161,556.0,43.0,-151.0
original,5,162,556.0,47.0,-151.0
original,5,163,556.0,51.0,-151.0
original,5,164,556.0,56.0,-151.0
original,5,165,556.0,60.0,-151.0
original,5,166,556.0,64.0,-151.0
original,5,167,555.0,68.0,-151.0
original,5,168,555.0,72.0,-151.0
original,5,169,554.0,76.0,-151.0
original,5,170,554.0,79.0,-151.0
original,5,171,553.0,82.0,-151.0
original,5,172,553.0,85.0,-151.0
original,5,173,553.0,87.0,-151.0
original,5,174,553.0,89.0,-151.0
original,5,175,552.0,90.0,-151.0
original,5,176,552.0,91.0,-151.0
original,5,177,552.0,92.0,-151.0
original,5,178,552.0,92.0,-151.0
original,5,179,552.0,92.0,-151.0
original,5,180,552.0,92.0,-151.0
original,5,181,552.0,91.0,-151.0
original,5,182,552.0,90.0,-151.0
original,5,183,553.0,88.0,-151.0
original,5,184,553.0,86.0,-151.0
original,5,185,553.0,84.0,-151.0
original,5,186,553.0,82.0,-151.0
original,5,187,554.0,80.0,-151.0
original,5,188,554.0,77.0,-151.0
original,5,189,554.0,74.0,-151.0
original,5,190,555.0,70.0,-151.0
original,5,191,555.0,67.0,-151.0
original,5,192,556.0,63.0,-151.0
original,5,193,556.0,58.0,-151.0
original,5,194,556.0,54.0,-151.0
original,5,195,556.0,49.0,-151.0
original,5,196,556.0,43.0,-151.0
original,5,197,557.0,38.0,-151.0
original,5,198,557.0,32.0,-151.0
original,5,199,557.0,26.0,-151.0
original,5,200,557.0,20.0,-151.0
original,5,201,558.0,13.0,-151.0
original,5,202,558.0,7.0,-151.0
original,5,203,558.0,0.0,-151.0
original,5,204,558.0,-6.0,-151.0
original,5,205,558.0,-14.0,-151.0
original,5,206,557.0,-21.0,-151.0
original,5,207,557.0,-29.0,-151.0
original,5,208,557.0,-37.0,-151.0
original,5,209,556.0,-45.0,-151.0
original,5,210,556.0,-53.0,-151.0
original,5,211,555.0,-70.0,-151.0
original,5,212,554.0,-78.0,-151.0
original,5,213,553.0,-87.0,-151.0
original,5,214,552.0,-95.0,-151.0
original,5,215,551.0,-104.0,-151.0
original,5,216,550.0,-113.0,-151.0
original,5,217,548.0,-122.0,-151.0
original,5,218,546.0,-131.0,-151.0
original,5,219,545.0,-140.0,-151.0
original,5,220,543.0,-149.0,-151.0
original,5,221,541.0,-158.0,-151.0
original,5,222,540.0,-167.0,-151.0
original,5,223,537.0,-176.0,-151.0
original,5,224,534.0,-185.0,-151.0
original,5,225,533.0,-195.0,-151.0
original,5,226,530.0,-204.0,-151.0
original,5,227,528.0,-213.0,-151.0
original,5,228,524.0,-222.0,-151.0
original,5,229,522.0,-231.0,-151.0
original,5,230,518.0,-240.0,-151.0
original,5,231,516.0,-249.0,-151.0
original,5,232,513.0,-258.0,-151.0
original,5,233,509.0,-267.0,-151.0
original,5,234,506.0,-275.0,-151.0
original,5,235,502.0,-284.0,-151.0
original,5,236,499.0,-292.0,-151.0
original,5,237,495.0,-301.0,-151.0
original,5,238,491.0,-309.0,-151.0
original,5,239,487.0,-317.0,-151.0
original,5,240,484.0,-326.0,-151.0
original,5,241,480.0,-334.0,-151.0
original,5,242,475.0,-342.0,-151.0
original,5,243,471.0,-350.0,-151.0
original,5,244,466.0,-358.0,-151.0
original,5,245,462.0,-365.0,-151.0
original,5,246,458.0,-373.0,-151.0
original,5,247,453.0,-381.0,-151.0
original,5,248,448.0,-388.0,-151.0
original,5,249,443.0,-395.0,-151.0
original,5,250,439.0,-403.0,-151.0
original,5,251,434.0,-410.0,-151.0
original,5,252,429.0,-417.0,-151.0
original,5,253,424.0,-424.0,-151.0
original,5,254,419.0,-431.0,-151.0
original,5,255,413.0,-438.0,-151.0
original,5,256,408.0,-445.0,-151.0
original,5,257,403.0,-451.0,-151.0
original,5,258,397.0,-458.0,-151.0
original,5,259,392.0,-464.0,-151.0
original,5,260,387.0,-470.0,-151.0
original,5,261,381.0,-476.0,-151.0
original,5,262,375.0,-482.0,-151.0
original,5,263,370.0,-488.0,-151.0
original,5,264,364.0,-494.0,-151.0
original,5,265,358.0,-499.0,-151.0
original,5,266,352.0,-505.0,-151.0
original,5,267,347.0,-510.0,-151.0
original,5,268,341.0,-515.0,-151.0
original,5,269,335.0,-521.0,-151.0
original,5,270,329.0,-526.0,-151.0
original,5,271,323.0,-530.0,-151.0
original,5,272,317.0,-535.0,-151.0
original,5,273,312.0,-540.0,-151.0
original,5,274,306.0,-544.0,-151.0
original,5,275,300.0,-548.0,-151.0
original,5,276,294.0,-552.0,-151.0
original,5,277,289.0,-556.0,-151.0
original,5,278,283.0,-560.0,-151.0
original,5,279,278.0,-564.0,-151.0
original,5,280,272.0,-568.0,-151.0
original,5,281,267.0,-571.0,-151.0
original,5,282,261.0,-575.0,-151.0
original,5,283,256.0,-578.0,-151.0
original,5,284,250.0,-581.0,-151.0
original,5,285,245.0,-584.0,-151.0
original,5,286,239.0,-587.0,-151.0
original,5,287,234.0,-590.0,-151.0
original,5,288,228.0,-593.0,-151.0
original,5,289,223.0,-595.0,-151.0
original,5,290,218.0,-598.0,-151.0
original,5,291,214.0,-600.0,-151.0
original,5,292,209.0,-602.0,-151.0
original,5,293,204.0,-604.0,-151.0
original,5,294,199.0,-607.0,-151.0
original,5,295,195.0,-609.0,-151.0
original,5,296,190.0,-610.0,-151.0
original,5,297,185.0,-612.0,-151.0
original,5,298,181.0,-614.0,-151.0
original,5,299,176.0,-616.0,-151.0
original,5,300,172.0,-617.0,-151.0
original,5,301,168.0,-619.0,-151.0
original,5,302,164.0,-620.0,-151.0
original,5,303,160.0,-622.0,-151.0
original,5,304,156.0,-623.0,-151.0
original,5,305,152.0,-624.0,-151.0
original,5,306,148.0,-625.0,-151.0
original,5,307,145.0,-626.0,-151.0
original,5,308,141.0,-627.0,-151.0
original,5,309,137.0,-628.0,-151.0
original,5,310,134.0,-629.0,-151.0
original,5,311,131.0,-630.0,-151.0
original,5,312,128.0,-631.0,-151.0
original,5,313,125.0,-632.0,-151.0
original,5,314,122.0,-633.0,-151.0
original,5,315,119.0,-633.0,-151.0
original,5,316,116.0,-634.0,-151.0
original,5,317,114.0,-635.0,-151.0
original,5,318,111.0,-635.0,-151.0
original,5,319,108.0,-636.0,-151.0
original,5,320,106.0,-636.0,-151.0
original,5,321,103.0,-637.0,-151.0
original,5,322,99.0,-637.0,-151.0
original,5,323,97.0,-638.0,-151.0
original,5,324,96.0,-638.0,-151.0
original,5,325,94.0,-638.0,-151.0
original,5,326,92.0,-639.0,-151.0
original,5,327,91.0,-639.0,-151.0
original,5,328,89.0,-639.0,-151.0
original,5,329,88.0,-639.0,-151.0
original,6,0,84.0,-631.0,-185.0
original,6,1,84.0,-631.0,-185.0
original,6,2,84.0,-631.0,-185.0
original,6,3,84.0,-631.0,-185.0
original,6,4,84.0,-631.0,-185.0
original,6,5,84.0,-631.0,-185.0
original,6,6,84.0,-631.0,-184.0
original,6,7,84.0,-631.0,-184.0
original,6,8,84.0,-631.0,-184.0
original,6,9,84.0,-631.0,-184.0
original,6,10,84.0,-632.0,-183.0
original,6,11,84.0,-632.0,-183.0
original,6,12,84.0,-632.0,-182.0
original,6,13,84.0,-632.0,-182.0
original,6,14,84.0,-632.0,-181.0
original,6,15,84.0,-633.0,-180.0
original,6,16,84.0,-633.0,-179.0
original,6,17,84.0,-633.0,-177.0
original,6,18,84.0,-634.0,-176.0
original,6,19,84.0,-634.0,-174.0
original,6,20,84.0,-635.0,-173.0
original,6,21,84.0,-635.0,-171.0
original,6,22,85.0,-635.0,-169.0
original,6,23,85.0,-636.0,-167.0
original,6,24,85.0,-636.0,-165.0
original,6,25,85.0,-637.0,-164.0
original,6,26,85.0,-637.0,-162.0
original,6,27,85.0,-638.0,-160.0
original,6,28,85.0,-638.0,-159.0
original,6,29,85.0,-638.0,-157.0
original,6,30,85.0,-639.0,-156.0
original,6,31,85.0,-639.0,-155.0
original,6,32,85.0,-639.0,-154.0
original,6,33,85.0,-640.0,-153.0
original,6,34,85.0,-640.0,-152.0
original,6,35,85.0,-640.0,-152.0
original,6,36,85.0,-640.0,-151.0
original,6,37,85.0,-640.0,-151.0
original,6,38,85.0,-640.0,-151.0
original,6,39,85.0,-640.0,-151.0
original,6,40,85.0,-640.0,-151.0
original,6,41,85.0,-640.0,-151.0
original,6,42,85.0,-640.0,-151.0
original,6,43,85.0,-640.0,-151.0
original,6,44,85.0,-640.0,-151.0
original,6,45,85.0,-640.0,-151.0
original,6,46,86.0,-640.0,-151.0
original,6,47,86.0,-640.0,-151.0
original,6,48,86.0,-640.0,-151.0
original,6,49,87.0,-640.0,-151.0
original,6,50,88.0,-639.0,-151.0
original,6,51,89.0,-639.0,-151.0
original,6,52,91.0,-639.0,-151.0
original,6,53,92.0,-639.0,-150.0
original,6,54,94.0,-639.0,-150.0
original,6,55,96.0,-638.0,-149.0
original,6,56,98.0,-638.0,-149.0
original,6,57,101.0,-638.0,-149.0
original,6,58,103.0,-637.0,-148.0
original,6,59,107.0,-637.0,-148.0
original,6,60,110.0,-636.0,-148.0
original,6,61,114.0,-635.0,-147.0
original,6,62,117.0,-635.0,-147.0
original,6,63,121.0,-634.0,-147.0
original,6,64,125.0,-633.0,-147.0
original,6,65,130.0,-631.0,-147.0
original,6,66,135.0,-630.0,-146.0
original,6,67,139.0,-629.0,-146.0
original,6,68,144.0,-628.0,-146.0
original,6,69,149.0,-626.0,-146.0
original,6,70,154.0,-624.0,-146.0
original,6,71,160.0,-623.0,-146.0
original,6,72,165.0,-621.0,-146.0
original,6,73,170.0,-619.0,-146.0
original,6,74,176.0,-617.0,-146.0
original,6,75,183.0,-614.0,-146.0
original,6,76,189.0,-612.0,-146.0
original,6,77,195.0,-610.0,-146.0
original,6,78,201.0,-607.0,-146.0
original,6,79,207.0,-604.0,-146.0
original,6,80,213.0,-601.0,-146.0
original,6,81,220.0,-598.0,-146.0
original,6,82,227.0,-595.0,-146.0
original,6,83,234.0,-591.0,-146.0
original,6,84,240.0,-588.0,-146.0
original,6,85,247.0,-584.0,-146.0
original,6,86,254.0,-580.0,-146.0
original,6,87,261.0,-576.0,-146.0
original,6,88,267.0,-571.0,-146.0
original,6,89,274.0,-567.0,-146.0
original,6,90,282.0,-562.0,-146.0
original,6,91,289.0,-557.0,-146.0
original,6,92,295.0,-552.0,-146.0
original,6,93,303.0,-547.0,-146.0
original,6,94,310.0,-542.0,-146.0
original,6,95,316.0,-536.0,-146.0
original,6,96,324.0,-531.0,-146.0
original,6,97,331.0,-525.0,-146.0
original,6,98,338.0,-518.0,-146.0
original,6,99,345.0,-512.0,-146.0
original,6,100,352.0,-506.0,-146.0
original,6,101,359.0,-499.0,-146.0
original,6,102,365.0,-492.0,-146.0
original,6,103,372.0,-485.0,-146.0
original,6,104,379.0,-478.0,-146.0
original,6,105,386.0,-471.0,-146.0
original,6,106,392.0,-463.0,-146.0
original,6,107,398.0,-456.0,-146.0
original,6,108,404.0,-448.0,-146.0
original,6,109,411.0,-441.0,-146.0
original,6,110,417.0,-433.0,-146.0
original,6,111,423.0,-424.0,-146.0
original,6,112,429.0,-416.0,-146.0
original,6,113,435.0,-408.0,-146.0
original,6,114,441.0,-399.0,-146.0
original,6,115,446.0,-391.0,-146.0
original,6,116,452.0,-382.0,-146.0
original,6,117,462.0,-365.0,-146.0
original,6,118,467.0,-356.0,-146.0
original,6,119,472.0,-346.0,-146.0
original,6,120,476.0,-337.0,-146.0
original,6,121,481.0,-328.0,-146.0
original,6,122,485.0,-319.0,-146.0
original,6,123,490.0,-309.0,-147.0
original,6,124,494.0,-300.0,-147.0
original,6,125,498.0,-290.0,-147.0
original,6,126,502.0,-280.0,-147.0
original,6,127,507.0,-271.0,-147.0
original,6,128,510.0,-261.0,-147.0
original,6,129,513.0,-251.0,-147.0
original,6,130,517.0,-241.0,-147.0
original,6,131,520.0,-231.0,-147.0
original,6,132,523.0,-221.0,-147.0
original,6,133,526.0,-211.0,-147.0
original,6,134,529.0,-201.0,-147.0
original,6,135,532.0,-192.0,-147.0
original,6,136,534.0,-182.0,-147.0
original,6,137,536.0,-172.0,-147.0
original,6,138,539.0,-162.0,-147.0
original,6,139,540.0,-153.0,-147.0
original,6,140,543.0,-143.0,-147.0
original,6,141,545.0,-130.0,-147.0
original,6,142,546.0,-121.0,-147.0
original,6,143,548.0,-111.0,-147.0
original,6,144,549.0,-105.0,-147.0
original,6,145,551.0,-95.0,-147.0
original,6,146,551.0,-85.0,-147.0
original,6,147,552.0,-76.0,-147.0
original,6,148,554.0,-63.0,-147.0
original,6,149,555.0,-54.0,-147.0
original,6,150,555.0,-45.0,-147.0
original,6,151,556.0,-36.0,-147.0
original,6,152,556.0,-26.0,-147.0
original,6,153,556.0,-17.0,-147.0
original,6,154,556.0,-8.0,-147.0
original,6,155,556.0,0.0,-147.0
original,6,156,556.0,9.0,-147.0
original,6,157,556.0,18.0,-147.0
original,6,158,556.0,27.0,-147.0
original,6,159,556.0,35.0,-147.0
original,6,160,556.0,44.0,-147.0
original,6,161,555.0,52.0,-147.0
original,6,162,555.0,60.0,-147.0
original,6,163,554.0,68.0,-146.0
original,6,164,553.0,75.0,-146.0
original,6,165,552.0,83.0,-146.0
original,6,166,552.0,89.0,-146.0
original,6,167,551.0,96.0,-146.0
original,6,168,551.0,103.0,-146.0
original,6,169,550.0,109.0,-146.0
original,6,170,549.0,115.0,-146.0
original,6,171,548.0,120.0,-146.0
original,6,172,547.0,126.0,-146.0
original,6,173,546.0,131.0,-146.0
original,6,174,545.0,136.0,-146.0
original,6,175,545.0,140.0,-146.0
original,6,176,544.0,144.0,-146.0
original,6,177,544.0,148.0,-146.0
original,6,178,543.0,151.0,-146.0
original,6,179,542.0,154.0,-146.0
original,6,180,542.0,156.0,-146.0
original,6,181,542.0,156.0,-146.0
original,6,182,542.0,155.0,-146.0
original,6,183,543.0,154.0,-146.0
original,6,184,544.0,151.0,-146.0
original,6,185,544.0,148.0,-146.0
original,6,186,545.0,145.0,-146.0
original,6,187,545.0,141.0,-146.0
original,6,188,546.0,136.0,-146.0
original,6,189,547.0,132.0,-146.0
original,6,190,548.0,127.0,-145.0
original,6,191,550.0,121.0,-145.0
original,6,192,551.0,116.0,-145.0
original,6,193,551.0,111.0,-145.0
original,6,194,551.0,106.0,-145.0
original,6,195,552.0,102.0,-145.0
original,6,196,553.0,97.0,-145.0
original,6,197,553.0,94.0,-145.0
original,6,198,554.0,90.0,-145.0
original,6,199,554.0,86.0,-145.0
original,6,200,555.0,82.0,-145.0
original,6,201,555.0,78.0,-145.0
original,6,202,556.0,74.0,-145.0
original,6,203,556.0,70.0,-145.0
original,6,204,556.0,66.0,-145.0
original,6,205,556.0,61.0,-145.0
original,6,206,557.0,56.0,-145.0
original,6,207,557.0,51.0,-145.0
original,6,208,558.0,45.0,-145.0
original,6,209,558.0,40.0,-145.0
original,6,210,558.0,34.0,-145.0
original,6,211,559.0,29.0,-145.0
original,6,212,559.0,23.0,-145.0
original,6,213,559.0,17.0,-145.0
original,6,214,559.0,10.0,-145.0
original,6,215,559.0,4.0,-145.0
original,6,216,559.0,-2.0,-145.0
original,6,217,559.0,-9.0,-145.0
original,6,218,559.0,-16.0,-145.0
original,6,219,559.0,-24.0,-145.0
original,6,220,558.0,-31.0,-145.0
original,6,221,558.0,-39.0,-145.0
original,6,222,557.0,-47.0,-145.0
original,6,223,557.0,-54.0,-145.0
original,6,224,556.0,-62.0,-145.0
original,6,225,556.0,-70.0,-145.0
original,6,226,555.0,-78.0,-145.0
original,6,227,554.0,-87.0,-145.0
original,6,228,553.0,-95.0,-145.0
original,6,229,552.0,-103.0,-145.0
original,6,230,551.0,-112.0,-145.0
original,6,231,550.0,-120.0,-145.0
original,6,232,548.0,-129.0,-145.0
original,6,233,546.0,-137.0,-145.0
original,6,234,545.0,-146.0,-145.0
original,6,235,543.0,-154.0,-145.0
original,6,236,541.0,-163.0,-145.0
original,6,237,540.0,-171.0,-145.0
original,6,238,538.0,-180.0,-145.0
original,6,239,535.0,-189.0,-145.0
original,6,240,533.0,-197.0,-145.0
original,6,241,530.0,-206.0,-145.0
original,6,242,529.0,-214.0,-145.0
original,6,243,523.0,-232.0,-145.0
original,6,244,520.0,-241.0,-145.0
original,6,245,517.0,-249.0,-145.0
original,6,246,514.0,-257.0,-145.0
original,6,247,511.0,-266.0,-145.0
original,6,248,507.0,-274.0,-145.0
original,6,249,504.0,-282.0,-145.0
original,6,250,501.0,-290.0,-145.0
original,6,251,497.0,-298.0,-145.0
original,6,252,494.0,-306.0,-145.0
original,6,253,491.0,-314.0,-145.0
original,6,254,486.0,-322.0,-145.0
original,6,255,482.0,-330.0,-145.0
original,6,256,479.0,-338.0,-145.0
original,6,257,474.0,-345.0,-146.0
original,6,258,470.0,-353.0,-146.0
original,6,259,466.0,-360.0,-146.0
original,6,260,462.0,-368.0,-146.0
original,6,261,458.0,-375.0,-147.0
original,6,262,453.0,-382.0,-147.0
original,6,263,448.0,-389.0,-147.0
original,6,264,444.0,-396.0,-148.0
original,6,265,439.0,-403.0,-148.0
original,6,266,435.0,-410.0,-149.0
original,6,267,430.0,-416.0,-149.0
original,6,268,425.0,-423.0,-150.0
original,6,269,420.0,-429.0,-150.0
original,6,270,414.0,-436.0,-151.0
original,6,271,410.0,-442.0,-151.0
original,6,272,405.0,-448.0,-152.0
original,6,273,399.0,-454.0,-153.0
original,6,274,395.0,-460.0,-153.0
original,6,275,390.0,-465.0,-154.0
original,6,276,385.0,-471.0,-154.0
original,6,277,380.0,-476.0,-155.0
original,6,278,375.0,-481.0,-155.0
original,6,279,370.0,-486.0,-156.0
original,6,280,365.0,-492.0,-156.0
original,6,281,360.0,-496.0,-156.0
original,6,282,354.0,-501.0,-157.0
original,6,283,349.0,-506.0,-157.0
original,6,284,344.0,-511.0,-157.0
original,6,285,339.0,-515.0,-157.0
original,6,286,334.0,-520.0,-157.0
original,6,287,329.0,-524.0,-157.0
original,6,288,324.0,-528.0,-157.0
original,6,289,319.0,-532.0,-157.0
original,6,290,314.0,-536.0,-157.0
original,6,291,309.0,-540.0,-157.0
original,6,292,304.0,-544.0,-157.0
original,6,293,299.0,-548.0,-157.0
original,6,294,294.0,-551.0,-157.0
original,6,295,289.0,-555.0,-157.0
original,6,296,284.0,-558.0,-157.0
original,6,297,279.0,-561.0,-157.0
original,6,298,274.0,-564.0,-157.0
original,6,299,270.0,-568.0,-157.0
original,6,300,265.0,-570.0,-157.0
original,6,301,261.0,-573.0,-157.0
original,6,302,256.0,-576.0,-157.0
original,6,303,251.0,-579.0,-157.0
original,6,304,246.0,-582.0,-157.0
original,6,305,242.0,-584.0,-157.0
original,6,306,237.0,-586.0,-157.0
original,6,307,233.0,-589.0,-157.0
original,6,308,228.0,-591.0,-157.0
original,6,309,224.0,-593.0,-157.0
original,6,310,220.0,-595.0,-157.0
original,6,311,216.0,-597.0,-157.0
original,6,312,212.0,-599.0,-157.0
original,6,313,208.0,-601.0,-157.0
original,6,314,204.0,-603.0,-157.0
original,6,315,201.0,-604.0,-157.0
original,6,316,196.0,-606.0,-157.0
original,6,317,193.0,-608.0,-157.0
original,6,318,190.0,-609.0,-157.0
original,6,319,186.0,-610.0,-157.0
original,6,320,183.0,-612.0,-157.0
original,6,321,179.0,-613.0,-157.0
original,6,322,176.0,-614.0,-157.0
original,6,323,173.0,-615.0,-157.0
original,6,324,170.0,-616.0,-157.0
original,6,325,167.0,-618.0,-157.0
original,6,326,164.0,-618.0,-157.0
original,6,327,162.0,-619.0,-157.0
original,6,328,159.0,-620.0,-157.0
original,6,329,157.0,-621.0,-157.0
original,6,330,154.0,-622.0,-157.0
original,6,331,152.0,-623.0,-157.0
original,6,332,149.0,-623.0,-157.0
original,6,333,147.0,-624.0,-157.0
original,6,334,146.0,-625.0,-157.0
original,6,335,143.0,-625.0,-157.0
original,6,336,141.0,-626.0,-157.0
original,6,337,140.0,-626.0,-157.0
original,6,338,138.0,-627.0,-157.0
original,6,339,136.0,-627.0,-157.0
original,6,340,135.0,-628.0,-157.0
original,6,341,134.0,-628.0,-157.0
original,6,342,132.0,-628.0,-157.0
original,6,343,131.0,-629.0,-157.0
original,6,344,130.0,-629.0,-157.0
original,6,345,129.0,-629.0,-157.0
original,6,346,128.0,-629.0,-157.0
original,6,347,127.0,-630.0,-157.0
original,6,348,126.0,-630.0,-157.0
original,6,349,126.0,-630.0,-157.0
original,6,350,125.0,-630.0,-157.0
noise,7,0,38.0,-610.0,-222.0
noise,7,1,38.0,-610.0,-222.0
noise,7,2,38.0,-610.0,-222.0
noise,7,3,38.0,-610.0,-222.0
noise,7,4,38.0,-610.0,-222.0
noise,7,5,38.0,-610.0,-222.0
noise,7,6,38.0,-610.0,-222.0
noise,7,7,38.0,-610.0,-222.0
noise,7,8,38.0,-610.0,-222.0
noise,7,9,38.0,-610.0,-222.0
noise,7,10,38.0,-610.0,-222.0
noise,7,11,38.0,-610.0,-222.0
noise,7,12,38.0,-610.0,-222.0
noise,7,13,38.0,-610.0,-222.0
noise,7,14,38.0,-610.0,-222.0
noise,7,15,38.0,-610.0,-222.0
noise,7,16,38.0,-610.0,-222.0
noise,7,17,38.0,-610.0,-222.0
noise,7,18,38.0,-610.0,-222.0
noise,7,19,39.0,-610.0,-222.0
noise,7,20,40.0,-610.0,-222.0
noise,7,21,40.0,-610.0,-222.0
noise,7,22,41.0,-610.0,-222.0
noise,7,23,43.0,-610.0,-222.0
noise,7,24,43.0,-609.0,-222.0
noise,7,25,44.0,-609.0,-222.0
noise,7,26,46.0,-609.0,-222.0
noise,7,27,48.0,-609.0,-222.0
noise,7,28,49.0,-609.0,-222.0
noise,7,29,51.0,-609.0,-222.0
noise,7,30,55.0,-608.0,-222.0
noise,7,31,58.0,-608.0,-222.0
noise,7,32,59.0,-608.0,-222.0
noise,7,33,62.0,-608.0,-222.0
noise,7,34,65.0,-607.0,-222.0
noise,7,35,68.0,-607.0,-222.0
noise,7,36,71.0,-607.0,-222.0
noise,7,37,75.0,-606.0,-222.0
noise,7,38,78.0,-606.0,-222.0
noise,7,39,81.0,-605.0,-222.0
noise,7,40,85.0,-604.0,-222.0
noise,7,41,89.0,-604.0,-222.0
noise,7,42,93.0,-603.0,-222.0
noise,7,43,97.0,-602.0,-222.0
noise,7,44,103.0,-601.0,-222.0
noise,7,45,107.0,-600.0,-222.0
noise,7,46,112.0,-599.0,-222.0
noise,7,47,117.0,-598.0,-222.0
noise,7,48,122.0,-596.0,-222.0
noise,7,49,128.0,-595.0,-222.0
noise,7,50,133.0,-593.0,-222.0
noise,7,51,139.0,-592.0,-222.0
noise,7,52,145.0,-590.0,-222.0
noise,7,53,151.0,-588.0,-222.0
noise,7,54,157.0,-586.0,-222.0
noise,7,55,163.0,-583.0,-222.0
noise,7,56,169.0,-581.0,-222.0
noise,7,57,176.0,-579.0,-222.0
noise,7,58,182.0,-576.0,-222.0
noise,7,59,189.0,-573.0,-222.0
noise,7,60,196.0,-570.0,-222.0
noise,7,61,203.0,-567.0,-222.0
noise,7,62,210.0,-563.0,-222.0
noise,7,63,217.0,-560.0,-222.0
noise,7,64,223.0,-556.0,-222.0
noise,7,65,231.0,-552.0,-222.0
noise,7,66,238.0,-548.0,-222.0
noise,7,67,245.0,-544.0,-222.0
noise,7,68,252.0,-539.0,-222.0
noise,7,69,259.0,-535.0,-222.0
noise,7,70,267.0,-530.0,-222.0
noise,7,71,273.0,-525.0,-222.0
noise,7,72,281.0,-519.0,-222.0
noise,7,73,288.0,-514.0,-222.0
noise,7,74,295.0,-508.0,-222.0
noise,7,75,302.0,-502.0,-222.0
noise,7,76,310.0,-496.0,-222.0
noise,7,77,316.0,-490.0,-222.0
noise,7,78,323.0,-484.0,-222.0
noise,7,79,330.0,-477.0,-222.0
noise,7,80,338.0,-470.0,-222.0
noise,7,81,344.0,-463.0,-222.0
noise,7,82,351.0,-456.0,-222.0
noise,7,83,357.0,-449.0,-222.0
noise,7,84,364.0,-441.0,-222.0
noise,7,85,371.0,-434.0,-222.0
noise,7,86,376.0,-426.0,-222.0
noise,7,87,389.0,-409.0,-222.0
noise,7,88,395.0,-401.0,-222.0
noise,7,89,401.0,-393.0,-222.0
noise,7,90,407.0,-384.0,-222.0
noise,7,91,413.0,-375.0,-222.0
noise,7,92,418.0,-365.0,-222.0
noise,7,93,424.0,-356.0,-222.0
noise,7,94,429.0,-347.0,-222.0
noise,7,95,434.0,-337.0,-222.0
noise,7,96,439.0,-327.0,-222.0
noise,7,97,444.0,-317.0,-222.0
noise,7,98,448.0,-307.0,-222.0
noise,7,99,453.0,-297.0,-222.0
noise,7,100,458.0,-287.0,-222.0
noise,7,101,462.0,-277.0,-222.0
noise,7,102,465.0,-266.0,-223.0
noise,7,103,469.0,-255.0,-223.0
noise,7,104,473.0,-245.0,-223.0
noise,7,105,476.0,-234.0,-223.0
noise,7,106,480.0,-223.0,-224.0
noise,7,107,482.0,-212.0,-224.0
noise,7,108,485.0,-201.0,-225.0
noise,7,109,487.0,-190.0,-225.0
noise,7,110,490.0,-179.0,-225.0
noise,7,111,492.0,-168.0,-226.0
noise,7,112,494.0,-157.0,-226.0
noise,7,113,496.0,-145.0,-227.0
noise,7,114,497.0,-134.0,-228.0
noise,7,115,498.0,-123.0,-228.0
noise,7,116,499.0,-111.0,-229.0
noise,7,117,500.0,-100.0,-230.0
noise,7,118,501.0,-89.0,-230.0
noise,7,119,502.0,-78.0,-231.0
noise,7,120,502.0,-66.0,-232.0
noise,7,121,502.0,-55.0,-233.0
noise,7,122,502.0,-44.0,-234.0
noise,7,123,501.0,-32.0,-235.0
noise,7,124,500.0,-21.0,-236.0
noise,7,125,499.0,-10.0,-237.0
noise,7,126,498.0,0.0,-238.0
noise,7,127,497.0,10.0,-238.0
noise,7,128,496.0,21.0,-239.0
noise,7,129,494.0,32.0,-240.0
noise,7,130,492.0,42.0,-241.0
noise,7,131,490.0,52.0,-242.0
noise,7,132,488.0,63.0,-243.0
noise,7,133,485.0,73.0,-244.0
noise,7,134,483.0,83.0,-245.0
noise,7,135,480.0,93.0,-246.0
noise,7,136,477.0,102.0,-247.0
noise,7,137,474.0,112.0,-247.0
noise,7,138,471.0,122.0,-248.0
noise,7,139,468.0,131.0,-249.0
noise,7,140,463.0,140.0,-249.0
noise,7,141,460.0,149.0,-250.0
noise,7,142,456.0,159.0,-250.0
noise,7,143,452.0,167.0,-251.0
noise,7,144,448.0,176.0,-251.0
noise,7,145,443.0,185.0,-251.0
noise,7,146,439.0,193.0,-252.0
noise,7,147,435.0,201.0,-252.0
noise,7,148,430.0,209.0,-252.0
noise,7,149,425.0,217.0,-252.0
noise,7,150,420.0,224.0,-252.0
noise,7,151,415.0,231.0,-252.0
noise,7,152,410.0,239.0,-251.0
noise,7,153,405.0,246.0,-251.0
noise,7,154,399.0,252.0,-250.0
noise,7,155,394.0,259.0,-250.0
noise,7,156,389.0,265.0,-249.0
noise,7,157,383.0,271.0,-248.0
noise,7,158,378.0,277.0,-247.0
noise,7,159,372.0,283.0,-246.0
noise,7,160,367.0,288.0,-245.0
noise,7,161,362.0,293.0,-244.0
noise,7,162,356.0,298.0,-243.0
noise,7,163,351.0,302.0,-241.0
noise,7,164,346.0,307.0,-240.0
noise,7,165,340.0,311.0,-238.0
noise,7,166,335.0,315.0,-237.0
noise,7,167,330.0,319.0,-235.0
noise,7,168,325.0,322.0,-233.0
noise,7,169,320.0,325.0,-231.0
noise,7,170,315.0,328.0,-229.0
noise,7,171,310.0,331.0,-227.0
noise,7,172,305.0,333.0,-225.0
noise,7,173,300.0,335.0,-222.0
noise,7,174,296.0,337.0,-220.0
noise,7,175,292.0,339.0,-218.0
noise,7,176,288.0,340.0,-215.0
noise,7,177,284.0,342.0,-213.0
noise,7,178,280.0,343.0,-211.0
noise,7,179,277.0,344.0,-208.0
noise,7,180,272.0,344.0,-206.0
noise,7,181,269.0,345.0,-204.0
noise,7,182,266.0,346.0,-202.0
noise,7,183,262.0,346.0,-200.0
noise,7,184,259.0,346.0,-198.0
noise,7,185,256.0,346.0,-196.0
noise,7,186,253.0,346.0,-194.0
noise,7,187,250.0,346.0,-193.0
noise,7,188,246.0,346.0,-191.0
noise,7,189,244.0,346.0,-190.0
noise,7,190,241.0,346.0,-188.0
noise,7,191,239.0,345.0,-187.0
noise,7,192,236.0,345.0,-186.0
noise,7,193,234.0,344.0,-185.0
noise,7,194,232.0,344.0,-184.0
noise,7,195,229.0,343.0,-183.0
noise,7,196,228.0,342.0,-182.0
noise,7,197,226.0,342.0,-182.0
noise,7,198,225.0,341.0,-181.0
noise,7,199,223.0,340.0,-181.0
noise,7,200,223.0,339.0,-180.0
noise,7,201,223.0,338.0,-180.0
noise,7,202,222.0,337.0,-179.0
noise,7,203,222.0,336.0,-179.0
noise,7,204,222.0,335.0,-179.0
noise,7,205,223.0,334.0,-179.0
noise,7,206,223.0,333.0,-179.0
noise,7,207,223.0,332.0,-178.0
noise,7,208,224.0,331.0,-178.0
noise,7,209,226.0,330.0,-178.0
noise,7,210,227.0,329.0,-178.0
noise,7,211,228.0,328.0,-178.0
noise,7,212,230.0,327.0,-179.0
noise,7,213,232.0,326.0,-179.0
noise,7,214,234.0,324.0,-179.0
noise,7,215,237.0,323.0,-179.0
noise,7,216,239.0,321.0,-180.0
noise,7,217,242.0,320.0,-180.0
noise,7,218,245.0,318.0,-180.0
noise,7,219,248.0,317.0,-181.0
noise,7,220,250.0,315.0,-181.0
noise,7,221,254.0,313.0,-182.0
noise,7,222,258.0,311.0,-182.0
noise,7,223,261.0,309.0,-183.0
noise,7,224,265.0,307.0,-184.0
noise,7,225,269.0,304.0,-184.0
noise,7,226,273.0,302.0,-185.0
noise,7,227,278.0,299.0,-186.0
noise,7,228,282.0,297.0,-187.0
noise,7,229,287.0,294.0,-187.0
noise,7,230,291.0,291.0,-188.0
noise,7,231,296.0,288.0,-189.0
noise,7,232,301.0,284.0,-190.0
noise,7,233,306.0,281.0,-191.0
noise,7,234,311.0,277.0,-192.0
noise,7,235,316.0,273.0,-193.0
noise,7,236,321.0,269.0,-194.0
noise,7,237,327.0,265.0,-196.0
noise,7,238,332.0,261.0,-197.0
noise,7,239,338.0,256.0,-198.0
noise,7,240,343.0,252.0,-199.0
noise,7,241,348.0,247.0,-200.0
noise,7,242,354.0,242.0,-202.0
noise,7,243,359.0,236.0,-203.0
noise,7,244,364.0,231.0,-204.0
noise,7,245,370.0,225.0,-206.0
noise,7,246,375.0,219.0,-207.0
noise,7,247,381.0,213.0,-208.0
noise,7,248,392.0,200.0,-211.0
noise,7,249,397.0,193.0,-213.0
noise,7,250,402.0,186.0,-214.0
noise,7,251,407.0,179.0,-216.0
noise,7,252,412.0,171.0,-217.0
noise,7,253,417.0,164.0,-219.0
noise,7,254,422.0,156.0,-220.0
noise,7,255,426.0,148.0,-222.0
noise,7,256,431.0,140.0,-223.0
noise,7,257,436.0,132.0,-225.0
noise,7,258,440.0,123.0,-226.0
noise,7,259,444.0,115.0,-228.0
noise,7,260,448.0,106.0,-229.0
noise,7,261,452.0,97.0,-231.0
noise,7,262,456.0,89.0,-232.0
noise,7,263,459.0,80.0,-234.0
noise,7,264,463.0,71.0,-235.0
noise,7,265,466.0,61.0,-236.0
noise,7,266,469.0,52.0,-238.0
noise,7,267,472.0,43.0,-239.0
noise,7,268,474.0,34.0,-241.0
noise,7,269,477.0,24.0,-242.0
noise,7,270,480.0,15.0,-243.0
noise,7,271,481.0,5.0,-245.0
noise,7,272,484.0,-4.0,-246.0
noise,7,273,485.0,-13.0,-247.0
noise,7,274,487.0,-23.0,-249.0
noise,7,275,489.0,-33.0,-250.0
noise,7,276,490.0,-43.0,-251.0
noise,7,277,491.0,-53.0,-253.0
noise,7,278,492.0,-63.0,-254.0
noise,7,279,493.0,-73.0,-255.0
noise,7,280,493.0,-83.0,-256.0
noise,7,281,494.0,-93.0,-257.0
noise,7,282,494.0,-103.0,-259.0
noise,7,283,494.0,-113.0,-260.0
noise,7,284,494.0,-124.0,-261.0
noise,7,285,493.0,-134.0,-262.0
noise,7,286,491.0,-155.0,-264.0
noise,7,287,491.0,-165.0,-265.0
noise,7,288,490.0,-175.0,-266.0
noise,7,289,488.0,-185.0,-267.0
noise,7,290,486.0,-196.0,-268.0
noise,7,291,485.0,-206.0,-269.0
noise,7,292,483.0,-216.0,-269.0
noise,7,293,480.0,-226.0,-270.0
noise,7,294,479.0,-236.0,-270.0
noise,7,295,476.0,-246.0,-271.0
noise,7,296,474.0,-256.0,-271.0
noise,7,297,470.0,-267.0,-271.0
noise,7,298,467.0,-277.0,-271.0
noise,7,299,464.0,-287.0,-271.0
noise,7,300,461.0,-297.0,-271.0
noise,7,301,457.0,-307.0,-271.0
noise,7,302,453.0,-317.0,-270.0
noise,7,303,449.0,-327.0,-270.0
noise,7,304,445.0,-336.0,-269.0
noise,7,305,441.0,-346.0,-268.0
noise,7,306,436.0,-356.0,-267.0
noise,7,307,431.0,-366.0,-266.0
noise,7,308,426.0,-375.0,-265.0
noise,7,309,421.0,-385.0,-264.0
noise,7,310,415.0,-395.0,-262.0
noise,7,311,410.0,-404.0,-260.0
noise,7,312,404.0,-413.0,-259.0
noise,7,313,398.0,-422.0,-257.0
noise,7,314,392.0,-431.0,-255.0
noise,7,315,387.0,-440.0,-252.0
noise,7,316,380.0,-448.0,-250.0
noise,7,317,374.0,-456.0,-248.0
noise,7,318,367.0,-464.0,-245.0
noise,7,319,360.0,-472.0,-243.0
noise,7,320,354.0,-480.0,-240.0
noise,7,321,347.0,-487.0,-237.0
noise,7,322,342.0,-493.0,-235.0
noise,7,323,337.0,-498.0,-232.0
noise,7,324,332.0,-502.0,-229.0
noise,7,325,329.0,-506.0,-227.0
noise,7,326,325.0,-509.0,-224.0
noise,7,327,322.0,-513.0,-222.0
noise,7,328,319.0,-515.0,-220.0
noise,7,329,316.0,-518.0,-217.0
noise,7,330,313.0,-521.0,-215.0
noise,7,331,310.0,-523.0,-213.0
noise,7,332,308.0,-525.0,-211.0
noise,7,333,305.0,-528.0,-208.0
noise,7,334,303.0,-530.0,-206.0
noise,7,335,299.0,-532.0,-204.0
noise,7,336,297.0,-535.0,-202.0
noise,7,337,294.0,-538.0,-199.0
noise,7,338,290.0,-540.0,-197.0
noise,7,339,286.0,-543.0,-195.0
noise,7,340,283.0,-546.0,-192.0
noise,7,341,278.0,-548.0,-190.0
noise,7,342,275.0,-551.0,-188.0
noise,7,343,271.0,-554.0,-186.0
noise,7,344,267.0,-556.0,-184.0
noise,7,345,263.0,-559.0,-182.0
noise,7,346,259.0,-561.0,-180.0
noise,7,347,255.0,-564.0,-178.0
noise,7,348,250.0,-566.0,-176.0
noise,7,349,246.0,-569.0,-174.0
noise,7,350,242.0,-571.0,-172.0
noise,7,351,238.0,-574.0,-170.0
noise,7,352,234.0,-576.0,-169.0
noise,7,353,228.0,-578.0,-167.0
noise,7,354,224.0,-580.0,-166.0
noise,7,355,220.0,-582.0,-164.0
noise,7,356,216.0,-584.0,-163.0
noise,7,357,212.0,-586.0,-161.0
noise,7,358,207.0,-588.0,-160.0
noise,7,359,203.0,-590.0,-159.0
noise,7,360,198.0,-592.0,-158.0
noise,7,361,194.0,-594.0,-157.0
noise,7,362,190.0,-596.0,-156.0
noise,7,363,185.0,-597.0,-155.0
noise,7,364,181.0,-599.0,-154.0
noise,7,365,174.0,-602.0,-152.0
noise,7,366,169.0,-603.0,-151.0
noise,7,367,165.0,-604.0,-150.0
noise,7,368,162.0,-606.0,-150.0
noise,7,369,157.0,-607.0,-149.0
noise,7,370,154.0,-608.0,-149.0
noise,7,371,151.0,-609.0,-149.0
noise,7,372,147.0,-610.0,-149.0
noise,7,373,143.0,-611.0,-148.0
noise,7,374,141.0,-612.0,-148.0
noise,7,375,137.0,-613.0,-148.0
noise,7,376,134.0,-614.0,-149.0
noise,7,377,131.0,-615.0,-149.0
noise,7,378,128.0,-615.0,-149.0
noise,7,379,125.0,-616.0,-149.0
noise,7,380,122.0,-617.0,-149.0
noise,7,381,119.0,-617.0,-149.0
noise,7,382,117.0,-618.0,-149.0
noise,7,383,114.0,-619.0,-150.0
noise,7,384,112.0,-619.0,-150.0
noise,7,385,109.0,-620.0,-150.0
noise,7,386,107.0,-620.0,-150.0
noise,7,387,104.0,-620.0,-150.0
noise,7,388,103.0,-621.0,-150.0
noise,7,389,100.0,-621.0,-150.0
noise,7,390,97.0,-622.0,-150.0
noise,7,391,96.0,-622.0,-150.0
noise,7,392,93.0,-622.0,-150.0
noise,7,393,92.0,-623.0,-150.0
noise,7,394,89.0,-623.0,-150.0
noise,7,395,86.0,-623.0,-150.0
noise,7,396,84.0,-624.0,-150.0
noise,7,397,82.0,-624.0,-150.0
noise,7,398,80.0,-624.0,-150.0
noise,7,399,78.0,-624.0,-150.0
noise,7,400,76.0,-625.0,-150.0
noise,7,401,75.0,-625.0,-150.0
noise,7,402,73.0,-625.0,-150.0
noise,7,403,71.0,-625.0,-150.0
noise,7,404,70.0,-625.0,-150.0
noise,7,405,68.0,-625.0,-150.0
noise,7,406,66.0,-626.0,-150.0
noise,7,407,65.0,-626.0,-150.0
noise,7,408,63.0,-626.0,-150.0
noise,7,409,61.0,-626.0,-150.0
noise,7,410,60.0,-626.0,-150.0
noise,7,411,59.0,-626.0,-150.0
noise,7,412,57.0,-626.0,-150.0
noise,7,413,55.0,-626.0,-150.0
noise,7,414,54.0,-627.0,-150.0
noise,8,0,46.0,-633.0,-205.0
noise,8,1,46.0,-633.0,-205.0
noise,8,2,46.0,-633.0,-205.0
noise,8,3,46.0,-633.0,-205.0
noise,8,4,46.0,-633.0,-205.0
noise,8,5,46.0,-633.0,-205.0
noise,8,6,46.0,-633.0,-205.0
noise,8,7,46.0,-633.0,-205.0
noise,8,8,46.0,-633.0,-205.0
noise,8,9,46.0,-633.0,-205.0
noise,8,10,46.0,-633.0,-205.0
noise,8,11,46.0,-633.0,-205.0
noise,8,12,46.0,-633.0,-205.0
noise,8,13,46.0,-633.0,-205.0
noise,8,14,46.0,-633.0,-205.0
noise,8,15,46.0,-633.0,-205.0
noise,8,16,46.0,-633.0,-205.0
noise,8,17,46.0,-633.0,-205.0
noise,8,18,46.0,-633.0,-205.0
noise,8,19,47.0,-633.0,-205.0
noise,8,20,47.0,-633.0,-205.0
noise,8,21,47.0,-633.0,-205.0
noise,8,22,48.0,-633.0,-205.0
noise,8,23,48.0,-633.0,-205.0
noise,8,24,49.0,-633.0,-205.0
noise,8,25,49.0,-633.0,-205.0
noise,8,26,50.0,-633.0,-205.0
noise,8,27,51.0,-632.0,-206.0
noise,8,28,52.0,-632.0,-206.0
noise,8,29,54.0,-632.0,-207.0
noise,8,30,54.0,-632.0,-208.0
noise,8,31,55.0,-631.0,-208.0
noise,8,32,57.0,-631.0,-209.0
noise,8,33,58.0,-631.0,-210.0
noise,8,34,59.0,-630.0,-210.0
noise,8,35,60.0,-630.0,-211.0
noise,8,36,62.0,-630.0,-212.0
noise,8,37,64.0,-629.0,-212.0
noise,8,38,65.0,-629.0,-212.0
noise,8,39,68.0,-628.0,-213.0
noise,8,40,70.0,-628.0,-214.0
noise,8,41,72.0,-627.0,-214.0
noise,8,42,75.0,-627.0,-215.0
noise,8,43,77.0,-626.0,-215.0
noise,8,44,80.0,-626.0,-215.0
noise,8,45,83.0,-625.0,-216.0
noise,8,46,86.0,-625.0,-216.0
noise,8,47,89.0,-624.0,-216.0
noise,8,48,92.0,-623.0,-217.0
noise,8,49,97.0,-622.0,-217.0
noise,8,50,101.0,-621.0,-218.0
noise,8,51,105.0,-620.0,-218.0
noise,8,52,109.0,-619.0,-218.0
noise,8,53,116.0,-618.0,-219.0
noise,8,54,120.0,-616.0,-219.0
noise,8,55,125.0,-615.0,-219.0
noise,8,56,130.0,-614.0,-220.0
noise,8,57,136.0,-612.0,-220.0
noise,8,58,141.0,-610.0,-220.0
noise,8,59,147.0,-608.0,-220.0
noise,8,60,153.0,-606.0,-220.0
noise,8,61,159.0,-604.0,-221.0
noise,8,62,166.0,-602.0,-221.0
noise,8,63,173.0,-600.0,-221.0
noise,8,64,179.0,-597.0,-221.0
noise,8,65,185.0,-594.0,-221.0
noise,8,66,192.0,-591.0,-221.0
noise,8,67,199.0,-588.0,-221.0
noise,8,68,206.0,-585.0,-221.0
noise,8,69,213.0,-582.0,-221.0
noise,8,70,220.0,-578.0,-221.0
noise,8,71,227.0,-575.0,-221.0
noise,8,72,234.0,-571.0,-221.0
noise,8,73,241.0,-567.0,-221.0
noise,8,74,249.0,-562.0,-221.0
noise,8,75,256.0,-558.0,-220.0
noise,8,76,263.0,-553.0,-220.0
noise,8,77,270.0,-548.0,-220.0
noise,8,78,278.0,-543.0,-220.0
noise,8,79,284.0,-538.0,-220.0
noise,8,80,292.0,-533.0,-220.0
noise,8,81,299.0,-527.0,-220.0
noise,8,82,305.0,-522.0,-220.0
noise,8,83,312.0,-516.0,-220.0
noise,8,84,320.0,-510.0,-220.0
noise,8,85,327.0,-504.0,-220.0
noise,8,86,332.0,-498.0,-220.0
noise,8,87,340.0,-491.0,-220.0
noise,8,88,346.0,-485.0,-220.0
noise,8,89,353.0,-478.0,-220.0
noise,8,90,359.0,-472.0,-220.0
noise,8,91,365.0,-465.0,-220.0
noise,8,92,371.0,-458.0,-220.0
noise,8,93,376.0,-451.0,-219.0
noise,8,94,382.0,-444.0,-219.0
noise,8,95,388.0,-437.0,-219.0
noise,8,96,393.0,-429.0,-219.0
noise,8,97,398.0,-422.0,-219.0
noise,8,98,404.0,-415.0,-219.0
noise,8,99,409.0,-407.0,-219.0
noise,8,100,414.0,-399.0,-219.0
noise,8,101,419.0,-392.0,-219.0
noise,8,102,424.0,-384.0,-219.0
noise,8,103,429.0,-376.0,-218.0
noise,8,104,433.0,-368.0,-218.0
noise,8,105,437.0,-360.0,-218.0
noise,8,106,442.0,-352.0,-218.0
noise,8,107,446.0,-344.0,-218.0
noise,8,108,450.0,-335.0,-217.0
noise,8,109,454.0,-327.0,-217.0
noise,8,110,458.0,-319.0,-217.0
noise,8,111,461.0,-310.0,-216.0
noise,8,112,465.0,-302.0,-216.0
noise,8,113,469.0,-293.0,-215.0
noise,8,114,472.0,-284.0,-214.0
noise,8,115,474.0,-275.0,-214.0
noise,8,116,478.0,-266.0,-213.0
noise,8,117,484.0,-248.0,-211.0
noise,8,118,486.0,-239.0,-211.0
noise,8,119,489.0,-230.0,-210.0
noise,8,120,491.0,-221.0,-209.0
noise,8,121,493.0,-211.0,-208.0
noise,8,122,496.0,-202.0,-208.0
noise,8,123,497.0,-193.0,-207.0
noise,8,124,499.0,-183.0,-206.0
noise,8,125,501.0,-174.0,-205.0
noise,8,126,502.0,-164.0,-205.0
noise,8,127,503.0,-155.0,-204.0
noise,8,128,505.0,-145.0,-203.0
noise,8,129,506.0,-135.0,-203.0
noise,8,130,507.0,-126.0,-202.0
noise,8,131,507.0,-116.0,-201.0
noise,8,132,507.0,-106.0,-201.0
noise,8,133,508.0,-97.0,-200.0
noise,8,134,508.0,-87.0,-200.0
noise,8,135,508.0,-77.0,-199.0
noise,8,136,508.0,-68.0,-199.0
noise,8,137,508.0,-58.0,-198.0
noise,8,138,507.0,-48.0,-198.0
noise,8,139,507.0,-39.0,-198.0
noise,8,140,506.0,-29.0,-197.0
noise,8,141,505.0,-20.0,-197.0
noise,8,142,504.0,-10.0,-197.0
noise,8,143,502.0,0.0,-197.0
noise,8,144,502.0,8.0,-196.0
noise,8,145,500.0,18.0,-196.0
noise,8,146,498.0,27.0,-196.0
noise,8,147,496.0,36.0,-196.0
noise,8,148,494.0,45.0,-196.0
noise,8,149,491.0,55.0,-196.0
noise,8,150,490.0,64.0,-195.0
noise,8,151,487.0,73.0,-195.0
noise,8,152,484.0,81.0,-195.0
noise,8,153,481.0,90.0,-195.0
noise,8,154,479.0,99.0,-195.0
noise,8,155,475.0,107.0,-194.0
noise,8,156,472.0,116.0,-194.0
noise,8,157,469.0,124.0,-194.0
noise,8,158,465.0,132.0,-194.0
noise,8,159,462.0,140.0,-193.0
noise,8,160,458.0,148.0,-193.0
noise,8,161,454.0,156.0,-193.0
noise,8,162,450.0,163.0,-193.0
noise,8,163,446.0,170.0,-192.0
noise,8,164,442.0,177.0,-192.0
noise,8,165,438.0,184.0,-192.0
noise,8,166,434.0,191.0,-192.0
noise,8,167,429.0,198.0,-192.0
noise,8,168,425.0,204.0,-191.0
noise,8,169,420.0,210.0,-191.0
noise,8,170,416.0,216.0,-191.0
noise,8,171,411.0,222.0,-190.0
noise,8,172,407.0,228.0,-190.0
noise,8,173,402.0,233.0,-190.0
noise,8,174,397.0,239.0,-190.0
noise,8,175,392.0,244.0,-189.0
noise,8,176,387.0,249.0,-189.0
noise,8,177,382.0,254.0,-189.0
noise,8,178,377.0,258.0,-189.0
noise,8,179,373.0,263.0,-188.0
noise,8,180,368.0,267.0,-188.0
noise,8,181,363.0,271.0,-188.0
noise,8,182,358.0,275.0,-188.0
noise,8,183,353.0,279.0,-187.0
noise,8,184,348.0,283.0,-187.0
noise,8,185,343.0,286.0,-187.0
noise,8,186,338.0,289.0,-187.0
noise,8,187,328.0,295.0,-186.0
noise,8,188,323.0,298.0,-186.0
noise,8,189,318.0,300.0,-186.0
noise,8,190,314.0,303.0,-185.0
noise,8,191,309.0,305.0,-185.0
noise,8,192,304.0,307.0,-185.0
noise,8,193,299.0,309.0,-185.0
noise,8,194,294.0,311.0,-184.0
noise,8,195,290.0,312.0,-184.0
noise,8,196,285.0,314.0,-184.0
noise,8,197,281.0,315.0,-184.0
noise,8,198,276.0,316.0,-183.0
noise,8,199,272.0,317.0,-183.0
noise,8,200,267.0,318.0,-183.0
noise,8,201,263.0,319.0,-182.0
noise,8,202,259.0,319.0,-182.0
noise,8,203,255.0,320.0,-182.0
noise,8,204,250.0,320.0,-182.0
noise,8,205,247.0,320.0,-182.0
noise,8,206,243.0,321.0,-181.0
noise,8,207,239.0,321.0,-181.0
noise,8,208,235.0,321.0,-181.0
noise,8,209,232.0,321.0,-181.0
noise,8,210,228.0,321.0,-180.0
noise,8,211,224.0,320.0,-180.0
noise,8,212,221.0,320.0,-180.0
noise,8,213,218.0,320.0,-180.0
noise,8,214,214.0,320.0,-180.0
noise,8,215,212.0,319.0,-179.0
noise,8,216,208.0,319.0,-179.0
noise,8,217,206.0,319.0,-179.0
noise,8,218,203.0,318.0,-179.0
noise,8,219,201.0,318.0,-179.0
noise,8,220,198.0,317.0,-179.0
noise,8,221,196.0,316.0,-178.0
noise,8,222,193.0,316.0,-178.0
noise,8,223,191.0,315.0,-178.0
noise,8,224,190.0,315.0,-178.0
noise,8,225,188.0,314.0,-178.0
noise,8,226,187.0,313.0,-178.0
noise,8,227,186.0,313.0,-178.0
noise,8,228,185.0,312.0,-178.0
noise,8,229,185.0,311.0,-178.0
noise,8,230,184.0,310.0,-177.0
noise,8,231,184.0,310.0,-177.0
noise,8,232,184.0,309.0,-177.0
noise,8,233,185.0,308.0,-177.0
noise,8,234,185.0,307.0,-177.0
noise,8,235,185.0,307.0,-177.0
noise,8,236,186.0,306.0,-177.0
noise,8,237,188.0,305.0,-177.0
noise,8,238,189.0,304.0,-177.0
noise,8,239,190.0,303.0,-177.0
noise,8,240,192.0,302.0,-177.0
noise,8,241,194.0,301.0,-177.0
noise,8,242,196.0,300.0,-177.0
noise,8,243,198.0,299.0,-178.0
noise,8,244,201.0,298.0,-178.0
noise,8,245,203.0,297.0,-178.0
noise,8,246,206.0,296.0,-178.0
noise,8,247,208.0,294.0,-178.0
noise,8,248,211.0,293.0,-178.0
noise,8,249,214.0,292.0,-178.0
noise,8,250,217.0,290.0,-178.0
noise,8,251,220.0,289.0,-178.0
noise,8,252,223.0,287.0,-178.0
noise,8,253,227.0,285.0,-178.0
noise,8,254,230.0,283.0,-178.0
noise,8,255,234.0,282.0,-178.0
noise,8,256,237.0,279.0,-178.0
noise,8,257,241.0,277.0,-178.0
noise,8,258,245.0,275.0,-178.0
noise,8,259,249.0,272.0,-178.0
noise,8,260,252.0,270.0,-178.0
noise,8,261,256.0,267.0,-178.0
noise,8,262,261.0,265.0,-178.0
noise,8,263,264.0,262.0,-177.0
noise,8,264,268.0,259.0,-177.0
noise,8,265,272.0,257.0,-177.0
noise,8,266,276.0,253.0,-177.0
noise,8,267,280.0,250.0,-176.0
noise,8,268,284.0,247.0,-176.0
noise,8,269,289.0,244.0,-176.0
noise,8,270,293.0,240.0,-175.0
noise,8,271,297.0,237.0,-175.0
noise,8,272,301.0,233.0,-174.0
noise,8,273,305.0,229.0,-174.0
noise,8,274,309.0,225.0,-173.0
noise,8,275,313.0,222.0,-173.0
noise,8,276,317.0,218.0,-172.0
noise,8,277,321.0,214.0,-171.0
noise,8,278,325.0,210.0,-171.0
noise,8,279,328.0,205.0,-170.0
noise,8,280,332.0,201.0,-170.0
noise,8,281,336.0,197.0,-169.0
noise,8,282,340.0,192.0,-168.0
noise,8,283,343.0,188.0,-168.0
noise,8,284,347.0,184.0,-167.0
noise,8,285,350.0,179.0,-167.0
noise,8,286,354.0,175.0,-166.0
noise,8,287,357.0,171.0,-166.0
noise,8,288,360.0,166.0,-166.0
noise,8,289,363.0,162.0,-165.0
noise,8,290,366.0,157.0,-165.0
noise,8,291,370.0,152.0,-165.0
noise,8,292,372.0,148.0,-165.0
noise,8,293,375.0,143.0,-165.0
noise,8,294,378.0,138.0,-165.0
noise,8,295,381.0,134.0,-165.0
noise,8,296,383.0,129.0,-165.0
noise,8,297,386.0,124.0,-166.0
noise,8,298,389.0,119.0,-166.0
noise,8,299,392.0,114.0,-166.0
noise,8,300,394.0,109.0,-166.0
noise,8,301,397.0,103.0,-166.0
noise,8,302,402.0,92.0,-167.0
noise,8,303,404.0,87.0,-167.0
noise,8,304,407.0,81.0,-168.0
noise,8,305,409.0,76.0,-168.0
noise,8,306,412.0,70.0,-168.0
noise,8,307,414.0,64.0,-168.0
noise,8,308,416.0,58.0,-169.0
noise,8,309,419.0,52.0,-169.0
noise,8,310,420.0,46.0,-169.0
noise,8,311,423.0,40.0,-170.0
noise,8,312,425.0,33.0,-170.0
noise,8,313,426.0,27.0,-170.0
noise,8,314,429.0,20.0,-170.0
noise,8,315,431.0,13.0,-170.0
noise,8,316,432.0,6.0,-170.0
noise,8,317,434.0,0.0,-170.0
noise,8,318,436.0,-7.0,-170.0
noise,8,319,437.0,-14.0,-170.0
noise,8,320,439.0,-21.0,-170.0
noise,8,321,441.0,-28.0,-170.0
noise,8,322,442.0,-35.0,-170.0
noise,8,323,442.0,-42.0,-170.0
noise,8,324,444.0,-50.0,-169.0
noise,8,325,445.0,-57.0,-169.0
noise,8,326,446.0,-64.0,-169.0
noise,8,327,447.0,-71.0,-169.0
noise,8,328,447.0,-79.0,-169.0
noise,8,329,447.0,-86.0,-169.0
noise,8,330,448.0,-93.0,-169.0
noise,8,331,448.0,-100.0,-169.0
noise,8,332,448.0,-107.0,-169.0
noise,8,333,448.0,-114.0,-169.0
noise,8,334,448.0,-121.0,-169.0
noise,8,335,448.0,-128.0,-169.0
noise,8,336,448.0,-136.0,-169.0
noise,8,337,448.0,-143.0,-169.0
noise,8,338,448.0,-150.0,-169.0
noise,8,339,447.0,-158.0,-169.0
noise,8,340,447.0,-165.0,-169.0
noise,8,341,447.0,-172.0,-169.0
noise,8,342,446.0,-179.0,-169.0
noise,8,343,445.0,-187.0,-169.0
noise,8,344,444.0,-194.0,-169.0
noise,8,345,443.0,-201.0,-169.0
noise,8,346,442.0,-215.0,-169.0
noise,8,347,440.0,-222.0,-169.0
noise,8,348,439.0,-230.0,-169.0
noise,8,349,437.0,-237.0,-169.0
noise,8,350,436.0,-244.0,-169.0
noise,8,351,435.0,-251.0,-169.0
noise,8,352,433.0,-258.0,-169.0
noise,8,353,431.0,-265.0,-169.0
noise,8,354,430.0,-272.0,-169.0
noise,8,355,428.0,-278.0,-169.0
noise,8,356,426.0,-285.0,-169.0
noise,8,357,424.0,-292.0,-169.0
noise,8,358,422.0,-299.0,-169.0
noise,8,359,420.0,-305.0,-169.0
noise,8,360,417.0,-312.0,-169.0
noise,8,361,415.0,-319.0,-169.0
noise,8,362,413.0,-325.0,-169.0
noise,8,363,410.0,-332.0,-169.0
noise,8,364,408.0,-338.0,-169.0
noise,8,365,405.0,-345.0,-169.0
noise,8,366,403.0,-351.0,-169.0
noise,8,367,400.0,-357.0,-169.0
noise,8,368,393.0,-371.0,-169.0
noise,8,369,391.0,-377.0,-169.0
noise,8,370,387.0,-383.0,-169.0
noise,8,371,384.0,-390.0,-169.0
noise,8,372,381.0,-396.0,-169.0
noise,8,373,377.0,-402.0,-169.0
noise,8,374,374.0,-408.0,-169.0
noise,8,375,371.0,-414.0,-169.0
noise,8,376,367.0,-420.0,-169.0
noise,8,377,364.0,-426.0,-169.0
noise,8,378,360.0,-432.0,-169.0
noise,8,379,356.0,-438.0,-169.0
noise,8,380,352.0,-444.0,-169.0
noise,8,381,348.0,-449.0,-169.0
noise,8,382,344.0,-455.0,-169.0
noise,8,383,340.0,-461.0,-169.0
noise,8,384,336.0,-466.0,-169.0
noise,8,385,332.0,-471.0,-169.0
noise,8,386,327.0,-477.0,-169.0
noise,8,387,323.0,-482.0,-169.0
noise,8,388,319.0,-487.0,-169.0
noise,8,389,315.0,-492.0,-169.0
noise,8,390,310.0,-497.0,-169.0
noise,8,391,305.0,-502.0,-169.0
noise,8,392,301.0,-507.0,-169.0
noise,8,393,297.0,-512.0,-169.0
noise,8,394,292.0,-516.0,-169.0
noise,8,395,288.0,-521.0,-169.0
noise,8,396,283.0,-525.0,-169.0
noise,8,397,278.0,-530.0,-168.0
noise,8,398,273.0,-534.0,-169.0
noise,8,399,269.0,-538.0,-168.0
noise,8,400,264.0,-542.0,-169.0
noise,8,401,259.0,-547.0,-169.0
noise,8,402,254.0,-551.0,-169.0
noise,8,403,249.0,-554.0,-169.0
noise,8,404,245.0,-558.0,-169.0
noise,8,405,239.0,-562.0,-169.0
noise,8,406,234.0,-566.0,-169.0
noise,8,407,229.0,-569.0,-169.0
noise,8,408,219.0,-576.0,-169.0
noise,8,409,214.0,-580.0,-169.0
noise,8,410,209.0,-583.0,-169.0
noise,8,411,204.0,-586.0,-169.0
noise,8,412,199.0,-589.0,-169.0
noise,8,413,194.0,-592.0,-169.0
noise,8,414,188.0,-595.0,-169.0
noise,8,415,183.0,-598.0,-170.0
noise,8,416,178.0,-601.0,-170.0
noise,8,417,173.0,-603.0,-170.0
noise,8,418,168.0,-606.0,-170.0
noise,8,419,162.0,-608.0,-171.0
noise,8,420,157.0,-611.0,-171.0
noise,8,421,152.0,-613.0,-172.0
noise,8,422,146.0,-615.0,-172.0
noise,8,423,141.0,-617.0,-173.0
noise,8,424,136.0,-619.0,-173.0
noise,8,425,130.0,-621.0,-174.0
noise,8,426,125.0,-623.0,-174.0
noise,8,427,119.0,-625.0,-175.0
noise,8,428,114.0,-626.0,-175.0
noise,8,429,109.0,-628.0,-176.0
noise,8,430,104.0,-629.0,-177.0
noise,8,431,98.0,-630.0,-177.0
noise,8,432,93.0,-632.0,-178.0
noise,8,433,88.0,-633.0,-179.0
noise,8,434,83.0,-634.0,-180.0
noise,8,435,78.0,-635.0,-180.0
noise,8,436,74.0,-636.0,-181.0
noise,8,437,69.0,-636.0,-182.0
noise,8,438,64.0,-637.0,-183.0
noise,8,439,59.0,-638.0,-184.0
noise,8,440,54.0,-638.0,-185.0
noise,8,441,50.0,-638.0,-186.0
noise,8,442,46.0,-639.0,-187.0
noise,8,443,42.0,-639.0,-189.0
noise,8,444,37.0,-639.0,-190.0
noise,8,445,33.0,-639.0,-191.0
noise,8,446,29.0,-639.0,-192.0
noise,8,447,26.0,-639.0,-193.0
noise,8,448,23.0,-639.0,-195.0
noise,8,449,21.0,-639.0,-196.0
noise,8,450,20.0,-639.0,-198.0
noise,8,451,19.0,-639.0,-199.0
noise,8,452,18.0,-639.0,-200.0
noise,8,453,18.0,-639.0,-202.0
noise,8,454,18.0,-639.0,-203.0
noise,8,455,18.0,-639.0,-204.0
noise,8,456,18.0,-639.0,-206.0
noise,8,457,19.0,-639.0,-207.0
noise,8,458,20.0,-638.0,-208.0
noise,8,459,21.0,-638.0,-210.0
noise,8,460,23.0,-638.0,-211.0
noise,8,461,24.0,-638.0,-212.0
noise,8,462,26.0,-638.0,-214.0
noise,8,463,26.0,-637.0,-215.0
noise,8,464,28.0,-637.0,-216.0
noise,8,465,30.0,-637.0,-217.0
noise,8,466,32.0,-637.0,-218.0
noise,8,467,33.0,-637.0,-219.0
noise,8,468,36.0,-636.0,-220.0
noise,8,469,37.0,-636.0,-221.0
noise,8,470,40.0,-636.0,-221.0
noise,8,471,42.0,-636.0,-222.0
noise,8,472,43.0,-635.0,-222.0
noise,8,473,46.0,-635.0,-223.0
noise,8,474,48.0,-635.0,-223.0
noise,8,475,50.0,-634.0,-223.0
noise,8,476,53.0,-634.0,-224.0
noise,8,477,54.0,-634.0,-224.0
noise,8,478,57.0,-633.0,-224.0
noise,8,479,59.0,-633.0,-224.0
noise,8,480,61.0,-633.0,-223.0
noise,9,0,143.0,-581.0,-198.0
noise,9,1,143.0,-581.0,-198.0
noise,9,2,143.0,-581.0,-198.0
noise,9,3,143.0,-581.0,-198.0
noise,9,4,143.0,-581.0,-198.0
noise,9,5,144.0,-581.0,-198.0
noise,9,6,144.0,-580.0,-198.0
noise,9,7,144.0,-580.0,-198.0
noise,9,8,145.0,-580.0,-198.0
noise,9,9,146.0,-580.0,-198.0
noise,9,10,146.0,-580.0,-198.0
noise,9,11,147.0,-580.0,-198.0
noise,9,12,147.0,-579.0,-198.0
noise,9,13,148.0,-579.0,-198.0
noise,9,14,150.0,-579.0,-198.0
noise,9,15,151.0,-578.0,-198.0
noise,9,16,152.0,-578.0,-198.0
noise,9,17,153.0,-577.0,-198.0
noise,9,18,155.0,-577.0,-198.0
noise,9,19,157.0,-576.0,-198.0
noise,9,20,158.0,-576.0,-198.0
noise,9,21,161.0,-575.0,-198.0
noise,9,22,163.0,-574.0,-198.0
noise,9,23,166.0,-573.0,-198.0
noise,9,24,168.0,-572.0,-198.0
noise,9,25,172.0,-571.0,-198.0
noise,9,26,175.0,-569.0,-198.0
noise,9,27,179.0,-568.0,-198.0
noise,9,28,182.0,-566.0,-198.0
noise,9,29,186.0,-565.0,-198.0
noise,9,30,190.0,-563.0,-198.0
noise,9,31,195.0,-561.0,-198.0
noise,9,32,199.0,-559.0,-198.0
noise,9,33,203.0,-557.0,-198.0
noise,9,34,208.0,-554.0,-198.0
noise,9,35,214.0,-551.0,-198.0
noise,9,36,219.0,-549.0,-198.0
noise,9,37,224.0,-546.0,-198.0
noise,9,38,229.0,-543.0,-198.0
noise,9,39,235.0,-540.0,-198.0
noise,9,40,240.0,-536.0,-198.0
noise,9,41,246.0,-533.0,-198.0
noise,9,42,252.0,-529.0,-198.0
noise,9,43,258.0,-525.0,-198.0
noise,9,44,264.0,-521.0,-198.0
noise,9,45,270.0,-517.0,-198.0
noise,9,46,276.0,-512.0,-198.0
noise,9,47,283.0,-508.0,-198.0
noise,9,48,289.0,-503.0,-198.0
noise,9,49,295.0,-497.0,-198.0
noise,9,50,302.0,-492.0,-198.0
noise,9,51,308.0,-486.0,-198.0
noise,9,52,315.0,-480.0,-199.0
noise,9,53,321.0,-474.0,-199.0
noise,9,54,328.0,-468.0,-199.0
noise,9,55,334.0,-461.0,-199.0
noise,9,56,341.0,-454.0,-199.0
noise,9,57,348.0,-447.0,-199.0
noise,9,58,354.0,-440.0,-199.0
noise,9,59,360.0,-432.0,-199.0
noise,9,60,367.0,-424.0,-199.0
noise,9,61,374.0,-416.0,-199.0
noise,9,62,380.0,-408.0,-199.0
noise,9,63,387.0,-399.0,-199.0
noise,9,64,392.0,-390.0,-199.0
noise,9,65,398.0,-381.0,-199.0
noise,9,66,404.0,-372.0,-199.0
noise,9,67,410.0,-363.0,-199.0
noise,9,68,415.0,-353.0,-199.0
noise,9,69,421.0,-343.0,-199.0
noise,9,70,426.0,-333.0,-200.0
noise,9,71,431.0,-323.0,-200.0
noise,9,72,436.0,-313.0,-200.0
noise,9,73,441.0,-302.0,-200.0
noise,9,74,446.0,-292.0,-200.0
noise,9,75,450.0,-281.0,-200.0
noise,9,76,454.0,-270.0,-200.0
noise,9,77,462.0,-248.0,-200.0
noise,9,78,465.0,-237.0,-200.0
noise,9,79,469.0,-226.0,-201.0
noise,9,80,472.0,-215.0,-201.0
noise,9,81,474.0,-204.0,-201.0
noise,9,82,477.0,-192.0,-201.0
noise,9,83,480.0,-181.0,-201.0
noise,9,84,482.0,-170.0,-201.0
noise,9,85,484.0,-159.0,-201.0
noise,9,86,485.0,-147.0,-201.0
noise,9,87,487.0,-136.0,-202.0
noise,9,88,488.0,-125.0,-202.0
noise,9,89,489.0,-114.0,-202.0
noise,9,90,490.0,-102.0,-202.0
noise,9,91,491.0,-91.0,-202.0
noise,9,92,491.0,-80.0,-202.0
noise,9,93,491.0,-69.0,-203.0
noise,9,94,491.0,-58.0,-203.0
noise,9,95,491.0,-48.0,-203.0
noise,9,96,491.0,-37.0,-203.0
noise,9,97,490.0,-26.0,-203.0
noise,9,98,489.0,-15.0,-204.0
noise,9,99,488.0,-5.0,-204.0
noise,9,100,486.0,5.0,-204.0
noise,9,101,485.0,15.0,-204.0
noise,9,102,484.0,25.0,-204.0
noise,9,103,482.0,35.0,-205.0
noise,9,104,480.0,45.0,-205.0
noise,9,105,478.0,55.0,-205.0
noise,9,106,475.0,64.0,-205.0
noise,9,107,473.0,74.0,-206.0
noise,9,108,470.0,83.0,-206.0
noise,9,109,468.0,92.0,-206.0
noise,9,110,464.0,102.0,-206.0
noise,9,111,461.0,111.0,-207.0
noise,9,112,458.0,119.0,-207.0
noise,9,113,454.0,128.0,-207.0
noise,9,114,451.0,137.0,-207.0
noise,9,115,447.0,145.0,-208.0
noise,9,116,443.0,154.0,-208.0
noise,9,117,439.0,162.0,-208.0
noise,9,118,435.0,170.0,-208.0
noise,9,119,431.0,178.0,-209.0
noise,9,120,426.0,185.0,-209.0
noise,9,121,421.0,193.0,-209.0
noise,9,122,417.0,200.0,-210.0
noise,9,123,412.0,207.0,-210.0
noise,9,124,408.0,214.0,-210.0
noise,9,125,403.0,221.0,-211.0
noise,9,126,398.0,227.0,-211.0
noise,9,127,392.0,233.0,-211.0
noise,9,128,387.0,239.0,-212.0
noise,9,129,382.0,245.0,-212.0
noise,9,130,377.0,250.0,-212.0
noise,9,131,372.0,256.0,-213.0
noise,9,132,366.0,261.0,-213.0
noise,9,133,361.0,265.0,-213.0
noise,9,134,356.0,270.0,-214.0
noise,9,135,351.0,274.0,-214.0
noise,9,136,345.0,278.0,-214.0
noise,9,137,340.0,282.0,-215.0
noise,9,138,335.0,286.0,-215.0
noise,9,139,330.0,289.0,-215.0
noise,9,140,325.0,292.0,-216.0
noise,9,141,320.0,295.0,-216.0
noise,9,142,315.0,298.0,-216.0
noise,9,143,310.0,300.0,-217.0
noise,9,144,305.0,303.0,-217.0
noise,9,145,299.0,305.0,-217.0
noise,9,146,294.0,307.0,-218.0
noise,9,147,289.0,309.0,-218.0
noise,9,148,285.0,310.0,-218.0
noise,9,149,280.0,312.0,-219.0
noise,9,150,275.0,313.0,-219.0
noise,9,151,271.0,314.0,-219.0
noise,9,152,267.0,315.0,-220.0
noise,9,153,261.0,316.0,-220.0
noise,9,154,257.0,317.0,-220.0
noise,9,155,253.0,318.0,-221.0
noise,9,156,249.0,318.0,-221.0
noise,9,157,244.0,319.0,-221.0
noise,9,158,239.0,319.0,-222.0
noise,9,159,235.0,319.0,-222.0
noise,9,160,227.0,320.0,-222.0
noise,9,161,223.0,320.0,-223.0
noise,9,162,220.0,319.0,-223.0
noise,9,163,217.0,319.0,-223.0
noise,9,164,213.0,319.0,-223.0
noise,9,165,211.0,318.0,-224.0
noise,9,166,208.0,317.0,-224.0
noise,9,167,206.0,317.0,-224.0
noise,9,168,204.0,316.0,-224.0
noise,9,169,202.0,315.0,-224.0
noise,9,170,201.0,314.0,-224.0
noise,9,171,201.0,313.0,-224.0
noise,9,172,200.0,312.0,-224.0
noise,9,173,200.0,310.0,-224.0
noise,9,174,201.0,309.0,-223.0
noise,9,175,201.0,307.0,-223.0
noise,9,176,201.0,306.0,-223.0
noise,9,177,203.0,305.0,-223.0
noise,9,178,204.0,303.0,-222.0
noise,9,179,206.0,302.0,-222.0
noise,9,180,207.0,300.0,-222.0
noise,9,181,209.0,298.0,-221.0
noise,9,182,212.0,297.0,-221.0
noise,9,183,214.0,295.0,-221.0
noise,9,184,217.0,293.0,-220.0
noise,9,185,219.0,291.0,-220.0
noise,9,186,222.0,290.0,-219.0
noise,9,187,224.0,288.0,-219.0
noise,9,188,228.0,286.0,-219.0
noise,9,189,230.0,284.0,-218.0
noise,9,190,234.0,282.0,-218.0
noise,9,191,237.0,280.0,-217.0
noise,9,192,240.0,278.0,-217.0
noise,9,193,244.0,276.0,-217.0
noise,9,194,247.0,273.0,-216.0
noise,9,195,251.0,271.0,-216.0
noise,9,196,255.0,269.0,-216.0
noise,9,197,258.0,267.0,-215.0
noise,9,198,262.0,265.0,-215.0
noise,9,199,266.0,263.0,-215.0
noise,9,200,270.0,260.0,-214.0
noise,9,201,274.0,258.0,-214.0
noise,9,202,278.0,255.0,-213.0
noise,9,203,283.0,252.0,-213.0
noise,9,204,287.0,249.0,-213.0
noise,9,205,291.0,246.0,-212.0
noise,9,206,296.0,243.0,-212.0
noise,9,207,300.0,240.0,-211.0
noise,9,208,305.0,236.0,-211.0
noise,9,209,310.0,233.0,-210.0
noise,9,210,315.0,229.0,-209.0
noise,9,211,320.0,225.0,-209.0
noise,9,212,325.0,221.0,-208.0
noise,9,213,330.0,216.0,-208.0
noise,9,214,335.0,212.0,-207.0
noise,9,215,340.0,207.0,-206.0
noise,9,216,345.0,202.0,-206.0
noise,9,217,350.0,197.0,-205.0
noise,9,218,355.0,192.0,-204.0
noise,9,219,360.0,187.0,-204.0
noise,9,220,365.0,182.0,-203.0
noise,9,221,376.0,170.0,-202.0
noise,9,222,381.0,164.0,-201.0
noise,9,223,385.0,158.0,-200.0
noise,9,224,390.0,151.0,-200.0
noise,9,225,394.0,145.0,-199.0
noise,9,226,399.0,139.0,-198.0
noise,9,227,403.0,132.0,-197.0
noise,9,228,408.0,125.0,-197.0
noise,9,229,412.0,119.0,-196.0
noise,9,230,416.0,112.0,-195.0
noise,9,231,420.0,105.0,-194.0
noise,9,232,424.0,98.0,-194.0
noise,9,233,427.0,90.0,-193.0
noise,9,234,431.0,83.0,-192.0
noise,9,235,435.0,76.0,-192.0
noise,9,236,438.0,68.0,-191.0
noise,9,237,442.0,61.0,-190.0
noise,9,238,445.0,53.0,-189.0
noise,9,239,447.0,46.0,-189.0
noise,9,240,451.0,38.0,-188.0
noise,9,241,453.0,30.0,-187.0
noise,9,242,456.0,22.0,-187.0
noise,9,243,458.0,14.0,-186.0
noise,9,244,461.0,6.0,-185.0
noise,9,245,463.0,-1.0,-185.0
noise,9,246,466.0,-10.0,-184.0
noise,9,247,468.0,-18.0,-183.0
noise,9,248,469.0,-27.0,-183.0
noise,9,249,471.0,-36.0,-182.0
noise,9,250,473.0,-45.0,-181.0
noise,9,251,474.0,-53.0,-181.0
noise,9,252,476.0,-63.0,-180.0
noise,9,253,477.0,-72.0,-179.0
noise,9,254,478.0,-81.0,-179.0
noise,9,255,479.0,-90.0,-178.0
noise,9,256,480.0,-99.0,-177.0
noise,9,257,480.0,-108.0,-177.0
noise,9,258,480.0,-118.0,-176.0
noise,9,259,480.0,-127.0,-175.0
noise,9,260,480.0,-136.0,-175.0
noise,9,261,480.0,-146.0,-174.0
noise,9,262,480.0,-155.0,-174.0
noise,9,263,479.0,-164.0,-173.0
noise,9,264,478.0,-174.0,-173.0
noise,9,265,477.0,-183.0,-172.0
noise,9,266,476.0,-192.0,-172.0
noise,9,267,475.0,-202.0,-171.0
noise,9,268,474.0,-211.0,-171.0
noise,9,269,472.0,-220.0,-170.0
noise,9,270,470.0,-229.0,-170.0
noise,9,271,469.0,-238.0,-169.0
noise,9,272,466.0,-247.0,-169.0
noise,9,273,464.0,-256.0,-168.0
noise,9,274,462.0,-265.0,-168.0
noise,9,275,459.0,-274.0,-168.0
noise,9,276,457.0,-282.0,-167.0
noise,9,277,454.0,-291.0,-167.0
noise,9,278,452.0,-299.0,-167.0
noise,9,279,448.0,-307.0,-166.0
noise,9,280,445.0,-315.0,-166.0
noise,9,281,442.0,-323.0,-166.0
noise,9,282,439.0,-331.0,-165.0
noise,9,283,436.0,-338.0,-165.0
noise,9,284,432.0,-346.0,-165.0
noise,9,285,429.0,-353.0,-165.0
noise,9,286,425.0,-360.0,-164.0
noise,9,287,421.0,-367.0,-164.0
noise,9,288,418.0,-373.0,-164.0
noise,9,289,414.0,-380.0,-164.0
noise,9,290,410.0,-386.0,-164.0
noise,9,291,407.0,-392.0,-164.0
noise,9,292,403.0,-398.0,-164.0
noise,9,293,399.0,-403.0,-163.0
noise,9,294,396.0,-408.0,-163.0
noise,9,295,388.0,-419.0,-163.0
noise,9,296,385.0,-423.0,-163.0
noise,9,297,381.0,-428.0,-163.0
noise,9,298,377.0,-432.0,-163.0
noise,9,299,374.0,-437.0,-163.0
noise,9,300,371.0,-441.0,-163.0
noise,9,301,367.0,-445.0,-163.0
noise,9,302,364.0,-448.0,-163.0
noise,9,303,362.0,-450.0,-163.0
noise,9,304,360.0,-452.0,-163.0
noise,9,305,360.0,-453.0,-163.0
noise,9,306,359.0,-453.0,-163.0
noise,9,307,359.0,-453.0,-163.0
noise,9,308,360.0,-453.0,-163.0
noise,9,309,360.0,-452.0,-163.0
noise,9,310,360.0,-451.0,-163.0
noise,9,311,361.0,-451.0,-163.0
noise,9,312,362.0,-449.0,-163.0
noise,9,313,364.0,-448.0,-163.0
noise,9,314,365.0,-447.0,-163.0
noise,9,315,365.0,-446.0,-163.0
noise,9,316,367.0,-444.0,-163.0
noise,9,317,368.0,-443.0,-163.0
noise,9,318,370.0,-442.0,-163.0
noise,9,319,371.0,-441.0,-163.0
noise,9,320,371.0,-439.0,-163.0
noise,9,321,373.0,-438.0,-163.0
noise,9,322,374.0,-437.0,-163.0
noise,9,323,375.0,-436.0,-163.0
noise,9,324,376.0,-435.0,-163.0
noise,9,325,376.0,-433.0,-163.0
noise,9,326,377.0,-432.0,-163.0
noise,9,327,378.0,-431.0,-163.0
noise,9,328,379.0,-430.0,-163.0
noise,9,329,380.0,-429.0,-163.0
noise,9,330,381.0,-429.0,-163.0
noise,9,331,381.0,-428.0,-163.0
noise,9,332,381.0,-428.0,-163.0
noise,9,333,381.0,-428.0,-163.0
noise,9,334,381.0,-428.0,-163.0
noise,9,335,381.0,-429.0,-163.0
noise,9,336,380.0,-430.0,-163.0
noise,9,337,379.0,-430.0,-163.0
noise,9,338,378.0,-432.0,-163.0
noise,9,339,376.0,-433.0,-163.0
noise,9,340,376.0,-435.0,-163.0
noise,9,341,374.0,-436.0,-163.0
noise,9,342,372.0,-438.0,-163.0
noise,9,343,371.0,-441.0,-163.0
noise,9,344,368.0,-443.0,-163.0
noise,9,345,366.0,-445.0,-163.0
noise,9,346,364.0,-448.0,-163.0
noise,9,347,361.0,-451.0,-163.0
noise,9,348,359.0,-453.0,-163.0
noise,9,349,356.0,-456.0,-163.0
noise,9,350,353.0,-459.0,-163.0
noise,9,351,350.0,-462.0,-163.0
noise,9,352,347.0,-465.0,-163.0
noise,9,353,344.0,-468.0,-163.0
noise,9,354,341.0,-472.0,-163.0
noise,9,355,338.0,-475.0,-163.0
noise,9,356,334.0,-478.0,-163.0
noise,9,357,331.0,-481.0,-163.0
noise,9,358,327.0,-484.0,-163.0
noise,9,359,324.0,-487.0,-163.0
noise,9,360,321.0,-490.0,-163.0
noise,9,361,318.0,-493.0,-163.0
noise,9,362,315.0,-496.0,-163.0
noise,9,363,311.0,-499.0,-163.0
noise,9,364,308.0,-501.0,-163.0
noise,9,365,305.0,-504.0,-163.0
noise,9,366,301.0,-507.0,-163.0
noise,9,367,298.0,-509.0,-163.0
noise,9,368,294.0,-512.0,-163.0
noise,9,369,291.0,-515.0,-163.0
noise,9,370,288.0,-517.0,-163.0
noise,9,371,285.0,-519.0,-163.0
noise,9,372,282.0,-522.0,-163.0
noise,9,373,278.0,-524.0,-163.0
noise,9,374,275.0,-526.0,-163.0
noise,9,375,269.0,-531.0,-163.0
noise,9,376,266.0,-533.0,-163.0
noise,9,377,262.0,-535.0,-163.0
noise,9,378,260.0,-537.0,-163.0
noise,9,379,256.0,-539.0,-163.0
noise,9,380,254.0,-540.0,-163.0
noise,9,381,250.0,-542.0,-163.0
noise,9,382,248.0,-544.0,-163.0
noise,9,383,245.0,-546.0,-163.0
noise,9,384,242.0,-548.0,-163.0
noise,9,385,239.0,-549.0,-163.0
noise,9,386,236.0,-551.0,-163.0
noise,9,387,234.0,-553.0,-163.0
noise,9,388,231.0,-554.0,-163.0
noise,9,389,228.0,-556.0,-163.0
noise,9,390,225.0,-557.0,-163.0
noise,9,391,223.0,-558.0,-163.0
noise,9,392,220.0,-560.0,-163.0
noise,9,393,218.0,-561.0,-163.0
noise,9,394,215.0,-562.0,-163.0
noise,9,395,212.0,-564.0,-163.0
noise,9,396,210.0,-565.0,-163.0
noise,9,397,208.0,-566.0,-163.0
noise,9,398,206.0,-567.0,-163.0
noise,9,399,203.0,-568.0,-163.0
noise,9,400,201.0,-569.0,-163.0
noise,9,401,199.0,-570.0,-163.0
noise,9,402,197.0,-571.0,-163.0
noise,9,403,196.0,-572.0,-163.0
noise,9,404,194.0,-573.0,-163.0
noise,9,405,191.0,-573.0,-163.0
noise,9,406,190.0,-574.0,-163.0
noise,9,407,187.0,-575.0,-163.0
noise,9,408,186.0,-576.0,-163.0
noise,9,409,185.0,-576.0,-163.0
noise,9,410,184.0,-577.0,-163.0
noise,9,411,183.0,-577.0,-163.0
noise,9,412,182.0,-578.0,-163.0
noise,9,413,181.0,-578.0,-163.0
noise,9,414,180.0,-578.0,-163.0
noise,9,415,180.0,-578.0,-163.0
noise,9,416,179.0,-578.0,-163.0
noise,9,417,179.0,-578.0,-163.0
noise,9,418,179.0,-578.0,-163.0
noise,9,419,180.0,-578.0,-163.0
noise,9,420,180.0,-578.0,-163.0
noise,9,421,180.0,-578.0,-163.0
noise,9,422,181.0,-578.0,-163.0
noise,9,423,181.0,-578.0,-163.0
noise,9,424,182.0,-578.0,-163.0
noise,9,425,182.0,-577.0,-163.0
noise,9,426,182.0,-577.0,-163.0
noise,9,427,183.0,-577.0,-163.0
noise,9,428,183.0,-577.0,-163.0
noise,9,429,184.0,-577.0,-163.0
noise,9,430,184.0,-577.0,-163.0
noise,9,431,184.0,-577.0,-163.0
noise,9,432,185.0,-576.0,-163.0
noise,9,433,185.0,-576.0,-163.0
noise,9,434,185.0,-576.0,-163.0
noise,9,435,185.0,-576.0,-163.0
noise,9,436,185.0,-576.0,-163.0
noise,9,437,185.0,-576.0,-163.0
noise,9,438,185.0,-576.0,-163.0
noise,9,439,185.0,-576.0,-163.0
noise,9,440,185.0,-576.0,-163.0
noise,9,441,185.0,-576.0,-163.0
noise,9,442,185.0,-577.0,-163.0
noise,9,443,184.0,-577.0,-163.0
noise,9,444,184.0,-577.0,-163.0
noise,9,445,184.0,-577.0,-163.0
noise,9,446,184.0,-577.0,-163.0
noise,9,447,184.0,-577.0,-163.0
noise,9,448,184.0,-577.0,-163.0
noise,9,449,184.0,-577.0,-163.0
noise,9,450,184.0,-577.0,-163.0
noise,9,451,184.0,-577.0,-163.0
noise,9,452,184.0,-577.0,-163.0
noise,9,453,184.0,-577.0,-163.0
noise,9,454,184.0,-577.0,-163.0
noise,9,455,184.0,-577.0,-163.0
noise,9,456,184.0,-577.0,-163.0
noise,10,0,179.0,-557.0,-226.0
noise,10,1,179.0,-558.0,-225.0
noise,10,2,179.0,-558.0,-224.0
noise,10,3,179.0,-558.0,-223.0
noise,10,4,179.0,-559.0,-222.0
noise,10,5,179.0,-559.0,-221.0
noise,10,6,179.0,-560.0,-219.0
noise,10,7,179.0,-560.0,-218.0
noise,10,8,179.0,-561.0,-217.0
noise,10,9,179.0,-561.0,-216.0
noise,10,10,179.0,-561.0,-215.0
noise,10,11,179.0,-562.0,-213.0
noise,10,12,179.0,-562.0,-212.0
noise,10,13,179.0,-562.0,-212.0
noise,10,14,179.0,-563.0,-211.0
noise,10,15,179.0,-563.0,-210.0
noise,10,16,180.0,-563.0,-209.0
noise,10,17,180.0,-564.0,-208.0
noise,10,18,180.0,-564.0,-207.0
noise,10,19,180.0,-564.0,-206.0
noise,10,20,180.0,-564.0,-206.0
noise,10,21,180.0,-565.0,-205.0
noise,10,22,180.0,-565.0,-204.0
noise,10,23,180.0,-565.0,-203.0
noise,10,24,181.0,-565.0,-203.0
noise,10,25,181.0,-565.0,-202.0
noise,10,26,182.0,-566.0,-201.0
noise,10,27,182.0,-566.0,-200.0
noise,10,28,183.0,-566.0,-199.0
noise,10,29,183.0,-566.0,-198.0
noise,10,30,184.0,-566.0,-197.0
noise,10,31,185.0,-566.0,-196.0
noise,10,32,185.0,-566.0,-195.0
noise,10,33,187.0,-565.0,-195.0
noise,10,34,189.0,-565.0,-194.0
noise,10,35,190.0,-565.0,-192.0
noise,10,36,192.0,-564.0,-191.0
noise,10,37,195.0,-564.0,-190.0
noise,10,38,196.0,-563.0,-189.0
noise,10,39,199.0,-562.0,-188.0
noise,10,40,201.0,-561.0,-187.0
noise,10,41,205.0,-560.0,-185.0
noise,10,42,207.0,-559.0,-184.0
noise,10,43,211.0,-558.0,-183.0
noise,10,44,214.0,-557.0,-182.0
noise,10,45,218.0,-555.0,-181.0
noise,10,46,223.0,-553.0,-180.0
noise,10,47,226.0,-551.0,-179.0
noise,10,48,230.0,-549.0,-178.0
noise,10,49,235.0,-547.0,-177.0
noise,10,50,239.0,-545.0,-176.0
noise,10,51,245.0,-542.0,-175.0
noise,10,52,250.0,-539.0,-174.0
noise,10,53,255.0,-536.0,-173.0
noise,10,54,261.0,-533.0,-172.0
noise,10,55,266.0,-529.0,-171.0
noise,10,56,272.0,-525.0,-170.0
noise,10,57,278.0,-522.0,-170.0
noise,10,58,283.0,-517.0,-169.0
noise,10,59,289.0,-513.0,-169.0
noise,10,60,295.0,-508.0,-168.0
noise,10,61,301.0,-503.0,-168.0
noise,10,62,307.0,-498.0,-168.0
noise,10,63,313.0,-493.0,-168.0
noise,10,64,320.0,-487.0,-168.0
noise,10,65,326.0,-481.0,-168.0
noise,10,66,332.0,-475.0,-168.0
noise,10,67,338.0,-469.0,-168.0
noise,10,68,344.0,-462.0,-169.0
noise,10,69,351.0,-455.0,-169.0
noise,10,70,357.0,-448.0,-169.0
noise,10,71,363.0,-441.0,-169.0
noise,10,72,370.0,-434.0,-169.0
noise,10,73,376.0,-426.0,-169.0
noise,10,74,387.0,-410.0,-169.0
noise,10,75,393.0,-402.0,-169.0
noise,10,76,398.0,-394.0,-169.0
noise,10,77,404.0,-386.0,-170.0
noise,10,78,409.0,-377.0,-170.0
noise,10,79,414.0,-369.0,-170.0
noise,10,80,420.0,-360.0,-170.0
noise,10,81,425.0,-351.0,-170.0
noise,10,82,429.0,-343.0,-170.0
noise,10,83,434.0,-334.0,-170.0
noise,10,84,438.0,-325.0,-171.0
noise,10,85,442.0,-316.0,-171.0
noise,10,86,447.0,-306.0,-171.0
noise,10,87,451.0,-297.0,-171.0
noise,10,88,454.0,-288.0,-171.0
noise,10,89,458.0,-278.0,-171.0
noise,10,90,461.0,-269.0,-172.0
noise,10,91,464.0,-259.0,-172.0
noise,10,92,468.0,-250.0,-172.0
noise,10,93,470.0,-240.0,-172.0
noise,10,94,474.0,-231.0,-172.0
noise,10,95,476.0,-221.0,-173.0
noise,10,96,479.0,-212.0,-173.0
noise,10,97,480.0,-202.0,-173.0
noise,10,98,482.0,-193.0,-173.0
noise,10,99,485.0,-183.0,-174.0
noise,10,100,486.0,-174.0,-174.0
noise,10,101,487.0,-165.0,-174.0
noise,10,102,489.0,-156.0,-175.0
noise,10,103,490.0,-147.0,-175.0
noise,10,104,491.0,-137.0,-175.0
noise,10,105,491.0,-128.0,-176.0
noise,10,106,492.0,-118.0,-176.0
noise,10,107,493.0,-109.0,-177.0
noise,10,108,493.0,-99.0,-177.0
noise,10,109,493.0,-90.0,-178.0
noise,10,110,493.0,-81.0,-179.0
noise,10,111,493.0,-72.0,-179.0
noise,10,112,492.0,-62.0,-180.0
noise,10,113,492.0,-53.0,-181.0
noise,10,114,491.0,-44.0,-182.0
noise,10,115,491.0,-35.0,-182.0
noise,10,116,489.0,-26.0,-183.0
noise,10,117,488.0,-17.0,-184.0
noise,10,118,486.0,-8.0,-184.0
noise,10,119,485.0,1.0,-185.0
noise,10,120,484.0,10.0,-186.0
noise,10,121,481.0,18.0,-186.0
noise,10,122,480.0,27.0,-187.0
noise,10,123,478.0,36.0,-187.0
noise,10,124,475.0,44.0,-188.0
noise,10,125,473.0,53.0,-188.0
noise,10,126,470.0,61.0,-189.0
noise,10,127,468.0,69.0,-189.0
noise,10,128,465.0,77.0,-190.0
noise,10,129,462.0,85.0,-190.0
noise,10,130,459.0,93.0,-191.0
noise,10,131,456.0,101.0,-191.0
noise,10,132,452.0,109.0,-192.0
noise,10,133,449.0,116.0,-192.0
noise,10,134,446.0,124.0,-193.0
noise,10,135,442.0,131.0,-193.0
noise,10,136,438.0,138.0,-194.0
noise,10,137,434.0,145.0,-194.0
noise,10,138,430.0,151.0,-195.0
noise,10,139,426.0,157.0,-196.0
noise,10,140,422.0,164.0,-196.0
noise,10,141,418.0,169.0,-197.0
noise,10,142,414.0,175.0,-197.0
noise,10,143,409.0,181.0,-198.0
noise,10,144,405.0,186.0,-198.0
noise,10,145,401.0,191.0,-199.0
noise,10,146,397.0,195.0,-199.0
noise,10,147,392.0,200.0,-200.0
noise,10,148,388.0,204.0,-201.0
noise,10,149,384.0,208.0,-201.0
noise,10,150,380.0,212.0,-202.0
noise,10,151,376.0,216.0,-202.0
noise,10,152,371.0,219.0,-203.0
noise,10,153,368.0,222.0,-203.0
noise,10,154,364.0,225.0,-204.0
noise,10,155,360.0,228.0,-205.0
noise,10,156,355.0,231.0,-205.0
noise,10,157,352.0,233.0,-206.0
noise,10,158,348.0,235.0,-206.0
noise,10,159,343.0,238.0,-207.0
noise,10,160,340.0,240.0,-207.0
noise,10,161,337.0,242.0,-208.0
noise,10,162,332.0,244.0,-208.0
noise,10,163,329.0,246.0,-209.0
noise,10,164,326.0,247.0,-209.0
noise,10,165,321.0,249.0,-210.0
noise,10,166,318.0,250.0,-210.0
noise,10,167,315.0,252.0,-211.0
noise,10,168,311.0,253.0,-211.0
noise,10,169,308.0,254.0,-211.0
noise,10,170,305.0,255.0,-212.0
noise,10,171,301.0,256.0,-212.0
noise,10,172,299.0,257.0,-213.0
noise,10,173,295.0,258.0,-213.0
noise,10,174,293.0,258.0,-214.0
noise,10,175,290.0,259.0,-214.0
noise,10,176,288.0,259.0,-214.0
noise,10,177,286.0,259.0,-215.0
noise,10,178,283.0,259.0,-215.0
noise,10,179,282.0,259.0,-215.0
noise,10,180,280.0,259.0,-215.0
noise,10,181,278.0,259.0,-216.0
noise,10,182,278.0,258.0,-216.0
noise,10,183,277.0,258.0,-216.0
noise,10,184,275.0,257.0,-216.0
noise,10,185,275.0,256.0,-216.0
noise,10,186,274.0,256.0,-216.0
noise,10,187,274.0,255.0,-217.0
noise,10,188,274.0,254.0,-217.0
noise,10,189,274.0,253.0,-217.0
noise,10,190,274.0,251.0,-217.0
noise,10,191,275.0,250.0,-217.0
noise,10,192,275.0,249.0,-217.0
noise,10,193,276.0,247.0,-217.0
noise,10,194,278.0,246.0,-217.0
noise,10,195,278.0,244.0,-217.0
noise,10,196,279.0,243.0,-217.0
noise,10,197,281.0,241.0,-217.0
noise,10,198,283.0,237.0,-217.0
noise,10,199,285.0,236.0,-217.0
noise,10,200,287.0,234.0,-217.0
noise,10,201,289.0,232.0,-216.0
noise,10,202,290.0,230.0,-216.0
noise,10,203,293.0,228.0,-216.0
noise,10,204,294.0,225.0,-216.0
noise,10,205,297.0,223.0,-216.0
noise,10,206,299.0,221.0,-216.0
noise,10,207,302.0,218.0,-216.0
noise,10,208,305.0,215.0,-215.0
noise,10,209,307.0,213.0,-215.0
noise,10,210,310.0,210.0,-215.0
noise,10,211,313.0,207.0,-215.0
noise,10,212,316.0,203.0,-214.0
noise,10,213,320.0,200.0,-214.0
noise,10,214,323.0,196.0,-214.0
noise,10,215,327.0,192.0,-213.0
noise,10,216,331.0,188.0,-213.0
noise,10,217,335.0,184.0,-213.0
noise,10,218,338.0,180.0,-212.0
noise,10,219,343.0,175.0,-212.0
noise,10,220,347.0,170.0,-211.0
noise,10,221,351.0,165.0,-211.0
noise,10,222,355.0,160.0,-210.0
noise,10,223,360.0,154.0,-210.0
noise,10,224,364.0,149.0,-209.0
noise,10,225,368.0,143.0,-209.0
noise,10,226,372.0,137.0,-208.0
noise,10,227,376.0,130.0,-208.0
noise,10,228,381.0,124.0,-207.0
noise,10,229,385.0,117.0,-207.0
noise,10,230,389.0,110.0,-206.0
noise,10,231,392.0,102.0,-205.0
noise,10,232,397.0,95.0,-205.0
noise,10,233,401.0,87.0,-204.0
noise,10,234,404.0,80.0,-204.0
noise,10,235,409.0,72.0,-203.0
noise,10,236,412.0,63.0,-202.0
noise,10,237,415.0,55.0,-202.0
noise,10,238,419.0,47.0,-201.0
noise,10,239,422.0,38.0,-200.0
noise,10,240,425.0,29.0,-200.0
noise,10,241,428.0,20.0,-199.0
noise,10,242,431.0,11.0,-199.0
noise,10,243,434.0,2.0,-198.0
noise,10,244,436.0,-7.0,-197.0
noise,10,245,439.0,-16.0,-197.0
noise,10,246,441.0,-26.0,-196.0
noise,10,247,443.0,-35.0,-195.0
noise,10,248,445.0,-45.0,-195.0
noise,10,249,447.0,-55.0,-194.0
noise,10,250,448.0,-65.0,-193.0
noise,10,251,449.0,-75.0,-193.0
noise,10,252,451.0,-85.0,-192.0
noise,10,253,452.0,-95.0,-192.0
noise,10,254,452.0,-105.0,-191.0
noise,10,255,452.0,-115.0,-190.0
noise,10,256,453.0,-125.0,-190.0
noise,10,257,453.0,-136.0,-189.0
noise,10,258,453.0,-146.0,-188.0
noise,10,259,452.0,-156.0,-188.0
noise,10,260,452.0,-176.0,-187.0
noise,10,261,451.0,-186.0,-186.0
noise,10,262,450.0,-196.0,-186.0
noise,10,263,449.0,-206.0,-185.0
noise,10,264,447.0,-216.0,-184.0
noise,10,265,446.0,-226.0,-184.0
noise,10,266,444.0,-236.0,-183.0
noise,10,267,442.0,-246.0,-183.0
noise,10,268,441.0,-255.0,-182.0
noise,10,269,438.0,-265.0,-182.0
noise,10,270,436.0,-274.0,-181.0
noise,10,271,433.0,-283.0,-181.0
noise,10,272,431.0,-292.0,-180.0
noise,10,273,428.0,-301.0,-180.0
noise,10,274,425.0,-310.0,-180.0
noise,10,275,422.0,-319.0,-179.0
noise,10,276,419.0,-327.0,-179.0
noise,10,277,415.0,-336.0,-178.0
noise,10,278,413.0,-344.0,-178.0
noise,10,279,409.0,-352.0,-178.0
noise,10,280,405.0,-360.0,-177.0
noise,10,281,402.0,-367.0,-177.0
noise,10,282,398.0,-375.0,-177.0
noise,10,283,394.0,-382.0,-176.0
noise,10,284,391.0,-389.0,-176.0
noise,10,285,387.0,-396.0,-176.0
noise,10,286,383.0,-403.0,-175.0
noise,10,287,379.0,-409.0,-175.0
noise,10,288,376.0,-415.0,-175.0
noise,10,289,371.0,-422.0,-175.0
noise,10,290,367.0,-428.0,-174.0
noise,10,291,362.0,-435.0,-174.0
noise,10,292,358.0,-441.0,-174.0
noise,10,293,354.0,-446.0,-174.0
noise,10,294,350.0,-451.0,-174.0
noise,10,295,346.0,-457.0,-173.0
noise,10,296,342.0,-462.0,-173.0
noise,10,297,338.0,-467.0,-173.0
noise,10,298,333.0,-472.0,-173.0
noise,10,299,329.0,-476.0,-173.0
noise,10,300,325.0,-481.0,-173.0
noise,10,301,321.0,-485.0,-173.0
noise,10,302,316.0,-489.0,-172.0
noise,10,303,312.0,-493.0,-172.0
noise,10,304,308.0,-497.0,-172.0
noise,10,305,304.0,-501.0,-172.0
noise,10,306,299.0,-505.0,-172.0
noise,10,307,295.0,-508.0,-172.0
noise,10,308,291.0,-512.0,-172.0
noise,10,309,287.0,-515.0,-172.0
noise,10,310,283.0,-518.0,-172.0
noise,10,311,278.0,-521.0,-172.0
noise,10,312,275.0,-524.0,-172.0
noise,10,313,271.0,-527.0,-172.0
noise,10,314,267.0,-529.0,-172.0
noise,10,315,264.0,-531.0,-172.0
noise,10,316,261.0,-533.0,-172.0
noise,10,317,260.0,-534.0,-172.0
noise,10,318,259.0,-534.0,-172.0
noise,10,319,258.0,-535.0,-172.0
noise,10,320,258.0,-535.0,-172.0
noise,10,321,258.0,-535.0,-172.0
noise,10,322,258.0,-535.0,-172.0
noise,10,323,259.0,-534.0,-172.0
noise,10,324,261.0,-533.0,-172.0
noise,10,325,261.0,-533.0,-172.0
noise,10,326,262.0,-532.0,-172.0
noise,10,327,263.0,-531.0,-172.0
noise,10,328,264.0,-531.0,-172.0
noise,10,329,266.0,-530.0,-172.0
noise,10,330,266.0,-530.0,-172.0
noise,10,331,267.0,-529.0,-172.0
noise,10,332,267.0,-529.0,-172.0
noise,10,333,267.0,-529.0,-172.0
noise,10,334,267.0,-529.0,-172.0
noise,10,335,267.0,-529.0,-173.0
noise,10,336,267.0,-529.0,-173.0
noise,10,337,267.0,-529.0,-173.0
noise,10,338,267.0,-529.0,-173.0
noise,10,339,266.0,-530.0,-174.0
noise,10,340,265.0,-530.0,-174.0
noise,10,341,263.0,-531.0,-174.0
noise,10,342,261.0,-532.0,-174.0
noise,10,343,260.0,-533.0,-174.0
noise,10,344,258.0,-534.0,-174.0
noise,10,345,256.0,-536.0,-174.0
noise,10,346,254.0,-537.0,-174.0
noise,10,347,251.0,-539.0,-174.0
noise,10,348,249.0,-540.0,-174.0
noise,10,349,246.0,-542.0,-174.0
noise,10,350,244.0,-543.0,-174.0
noise,10,351,241.0,-545.0,-174.0
noise,10,352,239.0,-546.0,-174.0
noise,10,353,236.0,-547.0,-174.0
noise,10,354,234.0,-549.0,-174.0
noise,10,355,231.0,-550.0,-174.0
noise,10,356,228.0,-552.0,-174.0
noise,10,357,226.0,-553.0,-174.0
noise,10,358,223.0,-555.0,-174.0
noise,10,359,221.0,-556.0,-174.0
noise,10,360,218.0,-557.0,-174.0
noise,10,361,216.0,-559.0,-174.0
noise,10,362,213.0,-560.0,-174.0
noise,10,363,212.0,-561.0,-174.0
noise,10,364,209.0,-562.0,-174.0
noise,10,365,207.0,-563.0,-174.0
noise,10,366,201.0,-566.0,-174.0
noise,10,367,200.0,-567.0,-174.0
noise,10,368,197.0,-568.0,-174.0
noise,10,369,196.0,-569.0,-174.0
noise,10,370,193.0,-569.0,-174.0
noise,10,371,191.0,-570.0,-174.0
noise,10,372,190.0,-571.0,-174.0
noise,10,373,187.0,-572.0,-174.0
noise,10,374,185.0,-573.0,-174.0
noise,10,375,184.0,-574.0,-174.0
noise,10,376,182.0,-574.0,-174.0
noise,10,377,180.0,-575.0,-174.0
noise,10,378,179.0,-576.0,-174.0
noise,10,379,177.0,-576.0,-174.0
noise,10,380,175.0,-577.0,-174.0
noise,10,381,174.0,-578.0,-174.0
noise,10,382,173.0,-578.0,-174.0
noise,10,383,171.0,-579.0,-174.0
noise,10,384,170.0,-579.0,-174.0
noise,10,385,168.0,-580.0,-174.0
noise,10,386,167.0,-580.0,-174.0
noise,10,387,166.0,-581.0,-174.0
noise,10,388,165.0,-581.0,-174.0
noise,10,389,164.0,-581.0,-174.0
noise,10,390,163.0,-582.0,-174.0
noise,10,391,162.0,-582.0,-174.0
noise,10,392,161.0,-582.0,-174.0
noise,10,393,160.0,-583.0,-174.0
noise,10,394,159.0,-583.0,-174.0
noise,10,395,158.0,-583.0,-174.0
noise,10,396,157.0,-584.0,-174.0
noise,10,397,157.0,-584.0,-174.0
noise,10,398,157.0,-584.0,-174.0
noise,10,399,156.0,-584.0,-174.0
noise,10,400,156.0,-584.0,-174.0
noise,10,401,155.0,-584.0,-174.0
noise,10,402,155.0,-585.0,-174.0
noise,10,403,155.0,-585.0,-174.0
noise,10,404,154.0,-585.0,-174.0
noise,10,405,154.0,-585.0,-174.0
noise,10,406,154.0,-585.0,-174.0
noise,10,407,154.0,-585.0,-174.0
noise,10,408,154.0,-585.0,-174.0
noise,10,409,154.0,-585.0,-174.0
noise,10,410,154.0,-585.0,-174.0
noise,10,411,154.0,-585.0,-174.0
noise,10,412,154.0,-585.0,-174.0
noise,10,413,155.0,-585.0,-174.0
noise,10,414,155.0,-585.0,-174.0
noise,10,415,155.0,-585.0,-174.0
noise,10,416,155.0,-585.0,-174.0
noise,10,417,155.0,-585.0,-174.0
noise,10,418,155.0,-585.0,-174.0
noise,11,0,75.0,-641.0,-148.0
noise,11,1,75.0,-641.0,-148.0
noise,11,2,75.0,-641.0,-149.0
noise,11,3,75.0,-641.0,-149.0
noise,11,4,75.0,-641.0,-149.0
noise,11,5,75.0,-641.0,-149.0
noise,11,6,75.0,-641.0,-149.0
noise,11,7,75.0,-641.0,-149.0
noise,11,8,75.0,-641.0,-149.0
noise,11,9,75.0,-641.0,-150.0
noise,11,10,75.0,-641.0,-150.0
noise,11,11,75.0,-641.0,-150.0
noise,11,12,75.0,-641.0,-150.0
noise,11,13,75.0,-641.0,-150.0
noise,11,14,76.0,-641.0,-150.0
noise,11,15,76.0,-641.0,-150.0
noise,11,16,76.0,-641.0,-151.0
noise,11,17,76.0,-641.0,-151.0
noise,11,18,76.0,-641.0,-151.0
noise,11,19,76.0,-641.0,-151.0
noise,11,20,77.0,-641.0,-151.0
noise,11,21,78.0,-641.0,-151.0
noise,11,22,78.0,-641.0,-151.0
noise,11,23,80.0,-641.0,-151.0
noise,11,24,81.0,-641.0,-151.0
noise,11,25,81.0,-640.0,-151.0
noise,11,26,83.0,-640.0,-151.0
noise,11,27,84.0,-640.0,-151.0
noise,11,28,86.0,-640.0,-151.0
noise,11,29,87.0,-640.0,-151.0
noise,11,30,90.0,-639.0,-151.0
noise,11,31,92.0,-639.0,-151.0
noise,11,32,94.0,-638.0,-151.0
noise,11,33,97.0,-638.0,-151.0
noise,11,34,99.0,-637.0,-151.0
noise,11,35,103.0,-637.0,-151.0
noise,11,36,105.0,-636.0,-151.0
noise,11,37,108.0,-635.0,-151.0
noise,11,38,113.0,-635.0,-151.0
noise,11,39,116.0,-634.0,-151.0
noise,11,40,120.0,-633.0,-151.0
noise,11,41,125.0,-632.0,-151.0
noise,11,42,130.0,-631.0,-151.0
noise,11,43,134.0,-629.0,-151.0
noise,11,44,139.0,-628.0,-151.0
noise,11,45,143.0,-627.0,-151.0
noise,11,46,148.0,-625.0,-151.0
noise,11,47,154.0,-623.0,-151.0
noise,11,48,159.0,-622.0,-151.0
noise,11,49,165.0,-620.0,-151.0
noise,11,50,171.0,-618.0,-151.0
noise,11,51,177.0,-615.0,-151.0
noise,11,52,183.0,-613.0,-151.0
noise,11,53,189.0,-611.0,-151.0
noise,11,54,196.0,-608.0,-151.0
noise,11,55,201.0,-605.0,-151.0
noise,11,56,208.0,-602.0,-151.0
noise,11,57,215.0,-599.0,-151.0
noise,11,58,222.0,-596.0,-151.0
noise,11,59,228.0,-592.0,-151.0
noise,11,60,236.0,-588.0,-151.0
noise,11,61,243.0,-585.0,-151.0
noise,11,62,250.0,-581.0,-151.0
noise,11,63,257.0,-576.0,-151.0
noise,11,64,265.0,-572.0,-151.0
noise,11,65,272.0,-567.0,-151.0
noise,11,66,279.0,-562.0,-151.0
noise,11,67,287.0,-557.0,-151.0
noise,11,68,294.0,-552.0,-151.0
noise,11,69,301.0,-546.0,-151.0
noise,11,70,309.0,-541.0,-151.0
noise,11,71,316.0,-535.0,-151.0
noise,11,72,324.0,-528.0,-151.0
noise,11,73,331.0,-522.0,-151.0
noise,11,74,338.0,-516.0,-151.0
noise,11,75,346.0,-509.0,-151.0
noise,11,76,354.0,-502.0,-151.0
noise,11,77,360.0,-495.0,-151.0
noise,11,78,368.0,-487.0,-151.0
noise,11,79,375.0,-480.0,-151.0
noise,11,80,381.0,-472.0,-151.0
noise,11,81,388.0,-464.0,-151.0
noise,11,82,403.0,-448.0,-151.0
noise,11,83,409.0,-439.0,-151.0
noise,11,84,415.0,-431.0,-151.0
noise,11,85,421.0,-422.0,-151.0
noise,11,86,428.0,-413.0,-151.0
noise,11,87,434.0,-404.0,-151.0
noise,11,88,440.0,-395.0,-151.0
noise,11,89,446.0,-386.0,-151.0
noise,11,90,451.0,-377.0,-151.0
noise,11,91,457.0,-367.0,-151.0
noise,11,92,462.0,-358.0,-151.0
noise,11,93,467.0,-348.0,-151.0
noise,11,94,472.0,-339.0,-151.0
noise,11,95,477.0,-329.0,-151.0
noise,11,96,481.0,-319.0,-151.0
noise,11,97,486.0,-309.0,-151.0
noise,11,98,491.0,-299.0,-151.0
noise,11,99,495.0,-288.0,-151.0
noise,11,100,499.0,-278.0,-151.0
noise,11,101,503.0,-268.0,-151.0
noise,11,102,507.0,-257.0,-151.0
noise,11,103,510.0,-247.0,-151.0
noise,11,104,513.0,-237.0,-151.0
noise,11,105,517.0,-226.0,-151.0
noise,11,106,520.0,-216.0,-151.0
noise,11,107,523.0,-205.0,-151.0
noise,11,108,526.0,-195.0,-151.0
noise,11,109,529.0,-185.0,-151.0
noise,11,110,530.0,-174.0,-151.0
noise,11,111,533.0,-163.0,-151.0
noise,11,112,535.0,-153.0,-151.0
noise,11,113,537.0,-143.0,-151.0
noise,11,114,539.0,-134.0,-151.0
noise,11,115,540.0,-124.0,-151.0
noise,11,116,542.0,-114.0,-151.0
noise,11,117,543.0,-105.0,-151.0
noise,11,118,545.0,-96.0,-151.0
noise,11,119,545.0,-87.0,-151.0
noise,11,120,546.0,-78.0,-151.0
noise,11,121,547.0,-69.0,-151.0
noise,11,122,548.0,-61.0,-151.0
noise,11,123,549.0,-52.0,-151.0
noise,11,124,550.0,-44.0,-151.0
noise,11,125,550.0,-36.0,-151.0
noise,11,126,551.0,-28.0,-151.0
noise,11,127,551.0,-21.0,-151.0
noise,11,128,551.0,-13.0,-151.0
noise,11,129,551.0,-6.0,-151.0
noise,11,130,551.0,0.0,-151.0
noise,11,131,551.0,7.0,-151.0
noise,11,132,551.0,14.0,-151.0
noise,11,133,551.0,21.0,-151.0
noise,11,134,551.0,27.0,-151.0
noise,11,135,551.0,34.0,-151.0
noise,11,136,551.0,40.0,-151.0
noise,11,137,551.0,46.0,-151.0
noise,11,138,550.0,52.0,-151.0
noise,11,139,550.0,57.0,-151.0
noise,11,140,550.0,63.0,-151.0
noise,11,141,550.0,68.0,-151.0
noise,11,142,549.0,73.0,-151.0
noise,11,143,549.0,78.0,-151.0
noise,11,144,549.0,82.0,-151.0
noise,11,145,548.0,86.0,-151.0
noise,11,146,548.0,90.0,-151.0
noise,11,147,548.0,94.0,-151.0
noise,11,148,547.0,97.0,-151.0
noise,11,149,547.0,100.0,-151.0
noise,11,150,547.0,103.0,-151.0
noise,11,151,547.0,106.0,-151.0
noise,11,152,547.0,108.0,-151.0
noise,11,153,547.0,110.0,-151.0
noise,11,154,547.0,111.0,-151.0
noise,11,155,547.0,113.0,-151.0
noise,11,156,547.0,114.0,-151.0
noise,11,157,547.0,114.0,-151.0
noise,11,158,547.0,115.0,-151.0
noise,11,159,547.0,115.0,-151.0
noise,11,160,548.0,114.0,-151.0
noise,11,161,548.0,114.0,-151.0
noise,11,162,549.0,113.0,-151.0
noise,11,163,549.0,111.0,-151.0
noise,11,164,549.0,110.0,-151.0
noise,11,165,550.0,108.0,-151.0
noise,11,166,551.0,105.0,-151.0
noise,11,167,551.0,102.0,-151.0
noise,11,168,551.0,99.0,-151.0
noise,11,169,552.0,95.0,-151.0
noise,11,170,552.0,91.0,-151.0
noise,11,171,553.0,87.0,-151.0
noise,11,172,554.0,82.0,-151.0
noise,11,173,554.0,77.0,-151.0
noise,11,174,555.0,72.0,-151.0
noise,11,175,555.0,68.0,-151.0
noise,11,176,555.0,65.0,-151.0
noise,11,177,556.0,62.0,-151.0
noise,11,178,556.0,60.0,-151.0
noise,11,179,556.0,58.0,-151.0
noise,11,180,556.0,55.0,-151.0
noise,11,181,556.0,53.0,-151.0
noise,11,182,556.0,51.0,-151.0
noise,11,183,556.0,48.0,-151.0
noise,11,184,556.0,45.0,-151.0
noise,11,185,556.0,43.0,-151.0
noise,11,186,556.0,40.0,-151.0
noise,11,187,557.0,37.0,-151.0
noise,11,188,557.0,34.0,-151.0
noise,11,189,557.0,31.0,-151.0
noise,11,190,557.0,27.0,-151.0
noise,11,191,557.0,24.0,-151.0
noise,11,192,557.0,20.0,-151.0
noise,11,193,558.0,15.0,-151.0
noise,11,194,558.0,10.0,-151.0
noise,11,195,558.0,5.0,-151.0
noise,11,196,558.0,0.0,-151.0
noise,11,197,558.0,-5.0,-151.0
noise,11,198,558.0,-11.0,-151.0
noise,11,199,558.0,-17.0,-151.0
noise,11,200,557.0,-29.0,-151.0
noise,11,201,557.0,-36.0,-151.0
noise,11,202,556.0,-43.0,-151.0
noise,11,203,556.0,-50.0,-151.0
noise,11,204,556.0,-58.0,-151.0
noise,11,205,555.0,-66.0,-151.0
noise,11,206,555.0,-73.0,-151.0
noise,11,207,554.0,-81.0,-151.0
noise,11,208,553.0,-89.0,-151.0
noise,11,209,551.0,-97.0,-151.0
noise,11,210,551.0,-105.0,-151.0
noise,11,211,550.0,-113.0,-151.0
noise,11,212,548.0,-122.0,-151.0
noise,11,213,546.0,-130.0,-151.0
noise,11,214,545.0,-139.0,-151.0
noise,11,215,544.0,-147.0,-151.0
noise,11,216,542.0,-155.0,-151.0
noise,11,217,540.0,-164.0,-151.0
noise,11,218,538.0,-172.0,-151.0
noise,11,219,536.0,-181.0,-151.0
noise,11,220,534.0,-189.0,-151.0
noise,11,221,532.0,-198.0,-151.0
noise,11,222,529.0,-206.0,-151.0
noise,11,223,527.0,-215.0,-151.0
noise,11,224,522.0,-232.0,-151.0
noise,11,225,518.0,-240.0,-151.0
noise,11,226,516.0,-248.0,-151.0
noise,11,227,513.0,-256.0,-151.0
noise,11,228,510.0,-264.0,-151.0
noise,11,229,507.0,-272.0,-151.0
noise,11,230,504.0,-280.0,-151.0
noise,11,231,501.0,-288.0,-151.0
noise,11,232,497.0,-296.0,-151.0
noise,11,233,494.0,-303.0,-151.0
noise,11,234,491.0,-311.0,-151.0
noise,11,235,487.0,-318.0,-151.0
noise,11,236,484.0,-326.0,-151.0
noise,11,237,480.0,-333.0,-151.0
noise,11,238,476.0,-340.0,-151.0
noise,11,239,473.0,-347.0,-151.0
noise,11,240,469.0,-354.0,-151.0
noise,11,241,465.0,-360.0,-151.0
noise,11,242,461.0,-367.0,-151.0
noise,11,243,458.0,-373.0,-151.0
noise,11,244,453.0,-380.0,-151.0
noise,11,245,449.0,-386.0,-151.0
noise,11,246,446.0,-392.0,-151.0
noise,11,247,442.0,-398.0,-151.0
noise,11,248,437.0,-404.0,-151.0
noise,11,249,433.0,-410.0,-151.0
noise,11,250,429.0,-416.0,-151.0
noise,11,251,425.0,-422.0,-151.0
noise,11,252,421.0,-428.0,-151.0
noise,11,253,417.0,-433.0,-151.0
noise,11,254,413.0,-439.0,-151.0
noise,11,255,409.0,-444.0,-151.0
noise,11,256,404.0,-449.0,-151.0
noise,11,257,400.0,-454.0,-151.0
noise,11,258,396.0,-459.0,-151.0
noise,11,259,392.0,-464.0,-151.0
noise,11,260,387.0,-469.0,-151.0
noise,11,261,383.0,-474.0,-151.0
noise,11,262,378.0,-479.0,-151.0
noise,11,263,374.0,-483.0,-151.0
noise,11,264,370.0,-487.0,-151.0
noise,11,265,365.0,-492.0,-151.0
noise,11,266,361.0,-496.0,-151.0
noise,11,267,357.0,-501.0,-151.0
noise,11,268,353.0,-505.0,-151.0
noise,11,269,349.0,-509.0,-151.0
noise,11,270,344.0,-512.0,-151.0
noise,11,271,340.0,-516.0,-151.0
noise,11,272,336.0,-520.0,-151.0
noise,11,273,332.0,-524.0,-151.0
noise,11,274,327.0,-527.0,-151.0
noise,11,275,322.0,-531.0,-151.0
noise,11,276,318.0,-534.0,-151.0
noise,11,277,314.0,-538.0,-151.0
noise,11,278,310.0,-541.0,-151.0
noise,11,279,305.0,-544.0,-151.0
noise,11,280,301.0,-547.0,-151.0
noise,11,281,297.0,-551.0,-151.0
noise,11,282,293.0,-554.0,-151.0
noise,11,283,289.0,-557.0,-151.0
noise,11,284,284.0,-559.0,-151.0
noise,11,285,280.0,-562.0,-151.0
noise,11,286,276.0,-565.0,-151.0
noise,11,287,272.0,-568.0,-151.0
noise,11,288,267.0,-571.0,-151.0
noise,11,289,263.0,-573.0,-151.0
noise,11,290,259.0,-576.0,-151.0
noise,11,291,255.0,-578.0,-151.0
noise,11,292,250.0,-581.0,-151.0
noise,11,293,246.0,-583.0,-151.0
noise,11,294,242.0,-585.0,-151.0
noise,11,295,238.0,-588.0,-151.0
noise,11,296,234.0,-590.0,-151.0
noise,11,297,225.0,-594.0,-151.0
noise,11,298,221.0,-597.0,-151.0
noise,11,299,217.0,-599.0,-151.0
noise,11,300,212.0,-600.0,-151.0
noise,11,301,208.0,-602.0,-151.0
noise,11,302,204.0,-604.0,-151.0
noise,11,303,196.0,-608.0,-151.0
noise,11,304,192.0,-610.0,-151.0
noise,11,305,188.0,-611.0,-151.0
noise,11,306,184.0,-613.0,-151.0
noise,11,307,179.0,-614.0,-151.0
noise,11,308,176.0,-616.0,-151.0
noise,11,309,172.0,-617.0,-151.0
noise,11,310,168.0,-619.0,-151.0
noise,11,311,164.0,-620.0,-151.0
noise,11,312,161.0,-621.0,-151.0
noise,11,313,157.0,-622.0,-151.0
noise,11,314,154.0,-624.0,-151.0
noise,11,315,151.0,-625.0,-151.0
noise,11,316,147.0,-626.0,-151.0
noise,11,317,144.0,-627.0,-151.0
noise,11,318,141.0,-627.0,-151.0
noise,11,319,139.0,-628.0,-151.0
noise,11,320,136.0,-629.0,-151.0
noise,11,321,134.0,-630.0,-151.0
noise,11,322,131.0,-630.0,-151.0
noise,11,323,129.0,-631.0,-151.0
noise,11,324,127.0,-631.0,-151.0
noise,11,325,125.0,-632.0,-151.0
noise,11,326,124.0,-632.0,-151.0
noise,11,327,122.0,-632.0,-151.0
noise,11,328,121.0,-633.0,-151.0
noise,11,329,119.0,-633.0,-151.0
