file_id,t,x,y,z
1,0,392.0,-440.0,-84.0
1,1,392.0,-440.0,-83.0
1,2,392.0,-440.0,-83.0
1,3,392.0,-441.0,-82.0
1,4,393.0,-441.0,-82.0
1,5,393.0,-441.0,-82.0
1,6,393.0,-441.0,-83.0
1,7,393.0,-442.0,-83.0
1,8,393.0,-442.0,-84.0
1,9,393.0,-442.0,-84.0
1,10,393.0,-442.0,-85.0
1,11,393.0,-442.0,-86.0
1,12,393.0,-442.0,-86.0
1,13,393.0,-442.0,-87.0
1,14,393.0,-442.0,-88.0
1,15,393.0,-442.0,-89.0
1,16,393.0,-442.0,-89.0
1,17,393.0,-442.0,-90.0
1,18,394.0,-442.0,-90.0
1,19,394.0,-442.0,-91.0
1,20,394.0,-443.0,-91.0
1,21,394.0,-443.0,-91.0
1,22,394.0,-443.0,-91.0
1,23,394.0,-443.0,-91.0
1,24,394.0,-443.0,-91.0
1,25,394.0,-443.0,-91.0
1,26,394.0,-442.0,-91.0
1,27,394.0,-442.0,-91.0
1,28,394.0,-442.0,-91.0
1,29,394.0,-441.0,-91.0
1,30,395.0,-441.0,-90.0
1,31,395.0,-440.0,-90.0
1,32,396.0,-439.0,-90.0
1,33,397.0,-438.0,-89.0
1,34,397.0,-437.0,-89.0
1,35,398.0,-436.0,-88.0
1,36,398.0,-435.0,-87.0
1,37,399.0,-434.0,-87.0
1,38,400.0,-432.0,-86.0
1,39,401.0,-431.0,-86.0
1,40,402.0,-429.0,-85.0
1,41,403.0,-428.0,-84.0
1,42,403.0,-426.0,-84.0
1,43,404.0,-424.0,-83.0
1,44,406.0,-421.0,-82.0
1,45,407.0,-419.0,-81.0
1,46,409.0,-417.0,-81.0
1,47,409.0,-414.0,-80.0
1,48,411.0,-412.0,-79.0
1,49,412.0,-409.0,-78.0
1,50,414.0,-406.0,-78.0
1,51,414.0,-404.0,-77.0
1,52,416.0,-401.0,-77.0
1,53,418.0,-398.0,-76.0
1,54,420.0,-394.0,-76.0
1,55,420.0,-391.0,-76.0
1,56,422.0,-388.0,-76.0
1,57,424.0,-384.0,-76.0
1,58,425.0,-381.0,-77.0
1,59,426.0,-378.0,-77.0
1,60,428.0,-374.0,-78.0
1,61,429.0,-370.0,-79.0
1,62,431.0,-367.0,-81.0
1,63,432.0,-363.0,-83.0
1,64,433.0,-359.0,-85.0
1,65,435.0,-356.0,-87.0
1,66,436.0,-352.0,-89.0
1,67,436.0,-348.0,-92.0
1,68,439.0,-341.0,-98.0
1,69,440.0,-337.0,-101.0
1,70,441.0,-333.0,-104.0
1,71,442.0,-330.0,-107.0
1,72,442.0,-326.0,-110.0
1,73,443.0,-323.0,-113.0
1,74,443.0,-319.0,-117.0
1,75,444.0,-316.0,-120.0
1,76,444.0,-313.0,-124.0
1,77,444.0,-310.0,-127.0
1,78,445.0,-307.0,-131.0
1,79,445.0,-304.0,-134.0
1,80,445.0,-301.0,-138.0
1,81,445.0,-298.0,-141.0
1,82,444.0,-296.0,-145.0
1,83,444.0,-293.0,-148.0
1,84,444.0,-291.0,-151.0
1,85,443.0,-289.0,-155.0
1,86,443.0,-287.0,-158.0
1,87,442.0,-285.0,-161.0
1,88,442.0,-284.0,-165.0
1,89,442.0,-282.0,-168.0
1,90,441.0,-281.0,-171.0
1,91,440.0,-280.0,-174.0
1,92,439.0,-280.0,-177.0
1,93,438.0,-279.0,-180.0
1,94,437.0,-279.0,-183.0
1,95,436.0,-279.0,-185.0
1,96,436.0,-280.0,-188.0
1,97,435.0,-280.0,-191.0
1,98,433.0,-281.0,-193.0
1,99,431.0,-284.0,-198.0
1,100,430.0,-285.0,-201.0
1,101,428.0,-287.0,-203.0
1,102,426.0,-289.0,-206.0
1,103,425.0,-291.0,-208.0
1,104,423.0,-293.0,-210.0
1,105,421.0,-296.0,-212.0
1,106,420.0,-299.0,-214.0
1,107,418.0,-302.0,-215.0
1,108,416.0,-305.0,-217.0
1,109,414.0,-308.0,-219.0
1,110,413.0,-311.0,-220.0
1,111,411.0,-315.0,-221.0
1,112,409.0,-319.0,-222.0
1,113,407.0,-323.0,-223.0
1,114,404.0,-327.0,-224.0
1,115,403.0,-331.0,-225.0
1,116,400.0,-335.0,-225.0
1,117,398.0,-340.0,-225.0
1,118,396.0,-345.0,-225.0
1,119,393.0,-349.0,-225.0
1,120,392.0,-354.0,-225.0
1,121,389.0,-359.0,-224.0
1,122,387.0,-364.0,-224.0
1,123,385.0,-368.0,-223.0
1,124,382.0,-373.0,-222.0
1,125,380.0,-377.0,-221.0
1,126,378.0,-382.0,-220.0
1,127,376.0,-386.0,-219.0
1,128,374.0,-390.0,-217.0
1,129,371.0,-399.0,-213.0
1,130,369.0,-402.0,-211.0
1,131,367.0,-406.0,-209.0
1,132,366.0,-409.0,-207.0
1,133,365.0,-412.0,-204.0
1,134,364.0,-415.0,-202.0
1,135,363.0,-418.0,-199.0
1,136,363.0,-420.0,-196.0
1,137,362.0,-422.0,-193.0
1,138,361.0,-424.0,-190.0
1,139,361.0,-426.0,-187.0
1,140,361.0,-428.0,-184.0
1,141,361.0,-429.0,-180.0
1,142,361.0,-430.0,-177.0
1,143,361.0,-431.0,-174.0
1,144,361.0,-432.0,-171.0
1,145,362.0,-432.0,-167.0
1,146,362.0,-432.0,-164.0
1,147,363.0,-432.0,-161.0
1,148,364.0,-432.0,-157.0
1,149,365.0,-432.0,-154.0
1,150,365.0,-431.0,-151.0
1,151,366.0,-430.0,-148.0
1,152,368.0,-429.0,-145.0
1,153,369.0,-428.0,-142.0
1,154,370.0,-426.0,-139.0
1,155,371.0,-425.0,-136.0
1,156,372.0,-423.0,-134.0
1,157,374.0,-421.0,-132.0
1,158,376.0,-419.0,-129.0
1,159,376.0,-417.0,-127.0
1,160,378.0,-414.0,-126.0
1,161,380.0,-412.0,-124.0
1,162,381.0,-409.0,-122.0
1,163,382.0,-407.0,-120.0
1,164,384.0,-404.0,-118.0
1,165,385.0,-402.0,-117.0
1,166,387.0,-399.0,-115.0
1,167,388.0,-396.0,-113.0
1,168,389.0,-394.0,-112.0
1,169,391.0,-392.0,-110.0
1,170,392.0,-389.0,-109.0
1,171,392.0,-387.0,-107.0
1,172,393.0,-385.0,-106.0
1,173,395.0,-383.0,-104.0
1,174,396.0,-381.0,-103.0
1,175,397.0,-379.0,-102.0
1,176,398.0,-378.0,-100.0
1,177,398.0,-376.0,-99.0
1,178,398.0,-375.0,-98.0
1,179,399.0,-374.0,-97.0
1,180,399.0,-373.0,-95.0
1,181,400.0,-372.0,-94.0
1,182,400.0,-371.0,-93.0
1,183,401.0,-370.0,-92.0
1,184,401.0,-370.0,-92.0
1,185,401.0,-369.0,-91.0
1,186,401.0,-369.0,-90.0
1,187,401.0,-369.0,-89.0
1,188,401.0,-369.0,-89.0
1,189,401.0,-369.0,-88.0
1,190,401.0,-369.0,-88.0
1,191,401.0,-370.0,-88.0
1,192,401.0,-370.0,-88.0
2,0,226.0,-513.0,-281.0
2,1,226.0,-513.0,-281.0
2,2,226.0,-513.0,-281.0
2,3,226.0,-513.0,-281.0
2,4,226.0,-513.0,-281.0
2,5,226.0,-513.0,-281.0
2,6,226.0,-513.0,-281.0
2,7,226.0,-513.0,-281.0
2,8,226.0,-513.0,-281.0
2,9,226.0,-514.0,-281.0
2,10,226.0,-514.0,-281.0
2,11,225.0,-514.0,-281.0
2,12,225.0,-514.0,-281.0
2,13,224.0,-514.0,-281.0
2,14,224.0,-515.0,-281.0
2,15,223.0,-515.0,-281.0
2,16,222.0,-516.0,-281.0
2,17,220.0,-517.0,-281.0
2,18,219.0,-518.0,-281.0
2,19,218.0,-519.0,-281.0
2,20,216.0,-520.0,-281.0
2,21,213.0,-521.0,-281.0
2,22,212.0,-522.0,-281.0
2,23,209.0,-524.0,-280.0
2,24,207.0,-525.0,-280.0
2,25,205.0,-526.0,-280.0
2,26,201.0,-528.0,-280.0
2,27,198.0,-530.0,-280.0
2,28,196.0,-532.0,-280.0
2,29,191.0,-534.0,-280.0
2,30,188.0,-536.0,-279.0
2,31,185.0,-538.0,-278.0
2,32,180.0,-541.0,-277.0
2,33,177.0,-543.0,-276.0
2,34,173.0,-546.0,-275.0
2,35,168.0,-549.0,-273.0
2,36,164.0,-551.0,-271.0
2,37,160.0,-554.0,-268.0
2,38,155.0,-558.0,-266.0
2,39,151.0,-561.0,-263.0
2,40,146.0,-564.0,-260.0
2,41,141.0,-567.0,-256.0
2,42,136.0,-570.0,-252.0
2,43,132.0,-574.0,-248.0
2,44,127.0,-577.0,-243.0
2,45,123.0,-580.0,-238.0
2,46,118.0,-583.0,-233.0
2,47,114.0,-586.0,-227.0
2,48,109.0,-589.0,-221.0
2,49,105.0,-592.0,-215.0
2,50,101.0,-595.0,-208.0
2,51,97.0,-598.0,-201.0
2,52,94.0,-600.0,-194.0
2,53,87.0,-605.0,-178.0
2,54,85.0,-607.0,-171.0
2,55,83.0,-609.0,-162.0
2,56,81.0,-611.0,-154.0
2,57,80.0,-613.0,-145.0
2,58,79.0,-614.0,-137.0
2,59,77.0,-615.0,-128.0
2,60,76.0,-616.0,-119.0
2,61,76.0,-617.0,-110.0
2,62,76.0,-618.0,-101.0
2,63,76.0,-618.0,-92.0
2,64,76.0,-619.0,-83.0
2,65,77.0,-619.0,-75.0
2,66,77.0,-619.0,-66.0
2,67,79.0,-618.0,-58.0
2,68,80.0,-618.0,-49.0
2,69,81.0,-617.0,-41.0
2,70,83.0,-616.0,-33.0
2,71,85.0,-615.0,-25.0
2,72,87.0,-614.0,-18.0
2,73,89.0,-612.0,-10.0
2,74,92.0,-611.0,-3.0
2,75,95.0,-609.0,3.0
2,76,97.0,-607.0,9.0
2,77,101.0,-605.0,16.0
2,78,103.0,-603.0,22.0
2,79,107.0,-601.0,28.0
2,80,110.0,-598.0,33.0
2,81,114.0,-596.0,39.0
2,82,118.0,-593.0,43.0
2,83,122.0,-591.0,48.0
2,84,126.0,-588.0,53.0
2,85,130.0,-585.0,57.0
2,86,135.0,-582.0,60.0
2,87,139.0,-579.0,64.0
2,88,143.0,-575.0,67.0
2,89,148.0,-572.0,70.0
2,90,152.0,-569.0,72.0
2,91,157.0,-565.0,74.0
2,92,163.0,-562.0,77.0
2,93,168.0,-558.0,79.0
2,94,173.0,-554.0,80.0
2,95,178.0,-551.0,82.0
2,96,183.0,-547.0,83.0
2,97,188.0,-543.0,85.0
2,98,193.0,-538.0,86.0
2,99,199.0,-534.0,88.0
2,100,204.0,-530.0,89.0
2,101,210.0,-525.0,90.0
2,102,215.0,-521.0,91.0
2,103,221.0,-516.0,92.0
2,104,226.0,-512.0,93.0
2,105,232.0,-507.0,93.0
2,106,237.0,-502.0,94.0
2,107,243.0,-497.0,94.0
2,108,248.0,-492.0,94.0
2,109,254.0,-487.0,94.0
2,110,259.0,-482.0,93.0
2,111,265.0,-477.0,92.0
2,112,270.0,-472.0,91.0
2,113,275.0,-467.0,90.0
2,114,281.0,-461.0,89.0
2,115,286.0,-456.0,87.0
2,116,292.0,-451.0,85.0
2,117,297.0,-446.0,83.0
2,118,302.0,-441.0,81.0
2,119,307.0,-436.0,78.0
2,120,312.0,-430.0,75.0
2,121,318.0,-425.0,71.0
2,122,323.0,-420.0,68.0
2,123,327.0,-415.0,63.0
2,124,332.0,-410.0,59.0
2,125,338.0,-405.0,54.0
2,126,343.0,-400.0,50.0
2,127,347.0,-395.0,44.0
2,128,351.0,-390.0,39.0
2,129,355.0,-385.0,34.0
2,130,360.0,-380.0,28.0
2,131,364.0,-376.0,22.0
2,132,367.0,-371.0,16.0
2,133,371.0,-366.0,9.0
2,134,374.0,-362.0,3.0
2,135,377.0,-357.0,-3.0
2,136,381.0,-353.0,-10.0
2,137,383.0,-349.0,-16.0
2,138,386.0,-345.0,-23.0
2,139,388.0,-341.0,-31.0
2,140,391.0,-337.0,-38.0
2,141,393.0,-333.0,-45.0
2,142,395.0,-329.0,-53.0
2,143,397.0,-326.0,-60.0
2,144,398.0,-323.0,-67.0
2,145,401.0,-317.0,-82.0
2,146,402.0,-314.0,-89.0
2,147,403.0,-311.0,-97.0
2,148,403.0,-309.0,-104.0
2,149,403.0,-306.0,-111.0
2,150,404.0,-304.0,-118.0
2,151,404.0,-302.0,-125.0
2,152,404.0,-300.0,-132.0
2,153,403.0,-299.0,-139.0
2,154,403.0,-298.0,-146.0
2,155,403.0,-297.0,-153.0
2,156,403.0,-296.0,-159.0
2,157,402.0,-295.0,-166.0
2,158,401.0,-295.0,-172.0
2,159,400.0,-295.0,-179.0
2,160,398.0,-295.0,-185.0
2,161,398.0,-295.0,-191.0
2,162,396.0,-296.0,-196.0
2,163,394.0,-297.0,-202.0
2,164,392.0,-298.0,-208.0
2,165,391.0,-300.0,-213.0
2,166,389.0,-302.0,-218.0
2,167,387.0,-304.0,-223.0
2,168,385.0,-306.0,-228.0
2,169,382.0,-308.0,-233.0
2,170,380.0,-311.0,-237.0
2,171,377.0,-314.0,-242.0
2,172,375.0,-317.0,-246.0
2,173,372.0,-320.0,-250.0
2,174,370.0,-323.0,-254.0
2,175,367.0,-326.0,-258.0
2,176,364.0,-330.0,-262.0
2,177,361.0,-334.0,-265.0
2,178,358.0,-337.0,-269.0
2,179,355.0,-341.0,-272.0
2,180,352.0,-345.0,-275.0
2,181,349.0,-349.0,-278.0
2,182,346.0,-353.0,-281.0
2,183,343.0,-357.0,-283.0
2,184,339.0,-361.0,-286.0
2,185,336.0,-366.0,-288.0
2,186,333.0,-370.0,-290.0
2,187,330.0,-374.0,-292.0
2,188,327.0,-378.0,-294.0
2,189,323.0,-382.0,-296.0
2,190,320.0,-386.0,-298.0
2,191,316.0,-390.0,-300.0
2,192,313.0,-394.0,-302.0
2,193,309.0,-398.0,-304.0
2,194,305.0,-402.0,-306.0
2,195,302.0,-406.0,-308.0
2,196,299.0,-409.0,-310.0
2,197,295.0,-413.0,-311.0
2,198,292.0,-416.0,-313.0
2,199,289.0,-419.0,-315.0
2,200,285.0,-423.0,-316.0
2,201,283.0,-426.0,-318.0
2,202,279.0,-429.0,-319.0
2,203,276.0,-432.0,-321.0
2,204,272.0,-435.0,-322.0
2,205,270.0,-438.0,-323.0
2,206,267.0,-440.0,-324.0
2,207,264.0,-443.0,-325.0
2,208,261.0,-445.0,-326.0
2,209,259.0,-447.0,-327.0
2,210,256.0,-449.0,-328.0
2,211,254.0,-451.0,-329.0
2,212,252.0,-453.0,-329.0
2,213,250.0,-455.0,-330.0
2,214,248.0,-457.0,-331.0
2,215,246.0,-458.0,-331.0
2,216,245.0,-460.0,-331.0
2,217,243.0,-462.0,-331.0
2,218,241.0,-463.0,-332.0
2,219,239.0,-464.0,-332.0
2,220,238.0,-466.0,-332.0
2,221,237.0,-467.0,-332.0
2,222,235.0,-468.0,-332.0
2,223,234.0,-469.0,-332.0
2,224,233.0,-470.0,-332.0
2,225,232.0,-472.0,-332.0
2,226,231.0,-473.0,-332.0
2,227,230.0,-473.0,-332.0
2,228,228.0,-474.0,-332.0
2,229,228.0,-475.0,-332.0
2,230,227.0,-476.0,-333.0
2,231,226.0,-477.0,-333.0
2,232,225.0,-478.0,-333.0
2,233,224.0,-478.0,-333.0
2,234,223.0,-479.0,-333.0
2,235,223.0,-480.0,-333.0
2,236,223.0,-480.0,-334.0
2,237,222.0,-481.0,-334.0
2,238,221.0,-481.0,-334.0
2,239,220.0,-482.0,-334.0
2,240,220.0,-482.0,-334.0
2,241,219.0,-483.0,-334.0
2,242,218.0,-483.0,-335.0
3,0,159.0,-512.0,-315.0
3,1,160.0,-512.0,-315.0
3,2,161.0,-512.0,-315.0
3,3,162.0,-511.0,-315.0
3,4,163.0,-511.0,-315.0
3,5,163.0,-511.0,-315.0
3,6,163.0,-511.0,-315.0
3,7,163.0,-510.0,-315.0
3,8,164.0,-510.0,-315.0
3,9,164.0,-510.0,-315.0
3,10,164.0,-510.0,-315.0
3,11,165.0,-510.0,-315.0
3,12,165.0,-510.0,-315.0
3,13,165.0,-510.0,-315.0
3,14,166.0,-510.0,-315.0
3,15,166.0,-509.0,-315.0
3,16,167.0,-509.0,-315.0
3,17,168.0,-509.0,-315.0
3,18,168.0,-509.0,-315.0
3,19,168.0,-508.0,-315.0
3,20,169.0,-508.0,-315.0
3,21,170.0,-508.0,-315.0
3,22,171.0,-507.0,-315.0
3,23,173.0,-507.0,-315.0
3,24,174.0,-506.0,-315.0
3,25,174.0,-506.0,-315.0
3,26,175.0,-505.0,-315.0
3,27,176.0,-505.0,-315.0
3,28,177.0,-504.0,-315.0
3,29,179.0,-504.0,-315.0
3,30,179.0,-504.0,-315.0
3,31,179.0,-503.0,-315.0
3,32,180.0,-503.0,-315.0
3,33,181.0,-503.0,-315.0
3,34,181.0,-502.0,-315.0
3,35,182.0,-502.0,-315.0
3,36,182.0,-502.0,-315.0
3,37,182.0,-502.0,-315.0
3,38,181.0,-503.0,-315.0
3,39,180.0,-503.0,-315.0
3,40,180.0,-503.0,-315.0
3,41,179.0,-504.0,-315.0
3,42,179.0,-504.0,-315.0
3,43,177.0,-505.0,-315.0
3,44,176.0,-505.0,-315.0
3,45,174.0,-506.0,-315.0
3,46,173.0,-507.0,-315.0
3,47,171.0,-508.0,-315.0
3,48,168.0,-509.0,-315.0
3,49,167.0,-510.0,-315.0
3,50,164.0,-511.0,-315.0
3,51,161.0,-512.0,-315.0
3,52,158.0,-513.0,-315.0
3,53,155.0,-515.0,-315.0
3,54,152.0,-516.0,-315.0
3,55,148.0,-518.0,-315.0
3,56,144.0,-520.0,-314.0
3,57,141.0,-521.0,-314.0
3,58,136.0,-523.0,-313.0
3,59,132.0,-525.0,-313.0
3,60,128.0,-527.0,-312.0
3,61,124.0,-529.0,-311.0
3,62,119.0,-531.0,-310.0
3,63,114.0,-533.0,-308.0
3,64,109.0,-536.0,-307.0
3,65,104.0,-538.0,-305.0
3,66,99.0,-540.0,-303.0
3,67,94.0,-543.0,-300.0
3,68,89.0,-545.0,-297.0
3,69,85.0,-548.0,-294.0
3,70,80.0,-551.0,-290.0
3,71,76.0,-554.0,-286.0
3,72,71.0,-557.0,-282.0
3,73,67.0,-559.0,-277.0
3,74,63.0,-562.0,-272.0
3,75,59.0,-565.0,-266.0
3,76,54.0,-568.0,-259.0
3,77,51.0,-572.0,-252.0
3,78,48.0,-575.0,-245.0
3,79,46.0,-577.0,-237.0
3,80,44.0,-580.0,-229.0
3,81,43.0,-583.0,-221.0
3,82,43.0,-586.0,-212.0
3,83,42.0,-588.0,-203.0
3,84,41.0,-591.0,-193.0
3,85,41.0,-593.0,-184.0
3,86,42.0,-595.0,-174.0
3,87,43.0,-597.0,-164.0
3,88,43.0,-599.0,-154.0
3,89,44.0,-601.0,-144.0
3,90,46.0,-602.0,-134.0
3,91,48.0,-603.0,-124.0
3,92,49.0,-604.0,-114.0
3,93,52.0,-605.0,-104.0
3,94,54.0,-606.0,-94.0
3,95,56.0,-606.0,-84.0
3,96,59.0,-606.0,-75.0
3,97,62.0,-606.0,-66.0
3,98,65.0,-605.0,-57.0
3,99,69.0,-605.0,-48.0
3,100,72.0,-604.0,-39.0
3,101,76.0,-603.0,-30.0
3,102,81.0,-601.0,-23.0
3,103,84.0,-600.0,-15.0
3,104,88.0,-599.0,-8.0
3,105,92.0,-597.0,-2.0
3,106,97.0,-595.0,4.0
3,107,102.0,-593.0,10.0
3,108,107.0,-591.0,15.0
3,109,111.0,-589.0,20.0
3,110,116.0,-587.0,24.0
3,111,121.0,-584.0,28.0
3,112,127.0,-582.0,32.0
3,113,132.0,-579.0,35.0
3,114,137.0,-577.0,37.0
3,115,143.0,-574.0,40.0
3,116,148.0,-572.0,41.0
3,117,154.0,-569.0,42.0
3,118,160.0,-566.0,43.0
3,119,165.0,-563.0,43.0
3,120,171.0,-560.0,43.0
3,121,177.0,-557.0,43.0
3,122,183.0,-554.0,43.0
3,123,189.0,-551.0,42.0
3,124,195.0,-547.0,41.0
3,125,201.0,-544.0,40.0
3,126,207.0,-541.0,38.0
3,127,212.0,-537.0,37.0
3,128,218.0,-534.0,35.0
3,129,223.0,-531.0,33.0
3,130,228.0,-527.0,31.0
3,131,234.0,-524.0,28.0
3,132,239.0,-520.0,25.0
3,133,245.0,-517.0,22.0
3,134,250.0,-513.0,19.0
3,135,255.0,-510.0,16.0
3,136,260.0,-506.0,12.0
3,137,264.0,-502.0,8.0
3,138,269.0,-499.0,4.0
3,139,273.0,-495.0,0.0
3,140,277.0,-492.0,-4.0
3,141,281.0,-488.0,-8.0
3,142,285.0,-484.0,-13.0
3,143,289.0,-481.0,-18.0
3,144,292.0,-478.0,-23.0
3,145,294.0,-474.0,-29.0
3,146,297.0,-471.0,-34.0
3,147,299.0,-468.0,-40.0
3,148,302.0,-466.0,-45.0
3,149,304.0,-463.0,-51.0
3,150,305.0,-460.0,-57.0
3,151,309.0,-455.0,-70.0
3,152,310.0,-453.0,-76.0
3,153,312.0,-450.0,-83.0
3,154,313.0,-448.0,-89.0
3,155,314.0,-446.0,-96.0
3,156,315.0,-443.0,-102.0
3,157,315.0,-442.0,-109.0
3,158,315.0,-440.0,-116.0
3,159,315.0,-438.0,-122.0
3,160,315.0,-437.0,-129.0
3,161,315.0,-435.0,-136.0
3,162,314.0,-434.0,-142.0
3,163,313.0,-433.0,-149.0
3,164,312.0,-431.0,-156.0
3,165,311.0,-430.0,-162.0
3,166,310.0,-430.0,-169.0
3,167,309.0,-429.0,-175.0
3,168,307.0,-429.0,-181.0
3,169,305.0,-429.0,-187.0
3,170,303.0,-429.0,-193.0
3,171,301.0,-429.0,-199.0
3,172,299.0,-429.0,-204.0
3,173,296.0,-430.0,-210.0
3,174,294.0,-431.0,-215.0
3,175,290.0,-431.0,-221.0
3,176,288.0,-433.0,-226.0
3,177,284.0,-434.0,-231.0
3,178,281.0,-435.0,-235.0
3,179,278.0,-437.0,-240.0
3,180,273.0,-439.0,-244.0
3,181,270.0,-441.0,-248.0
3,182,266.0,-443.0,-253.0
3,183,261.0,-445.0,-256.0
3,184,257.0,-447.0,-260.0
3,185,253.0,-450.0,-264.0
3,186,249.0,-452.0,-267.0
3,187,245.0,-455.0,-270.0
3,188,240.0,-457.0,-273.0
3,189,236.0,-460.0,-276.0
3,190,231.0,-463.0,-278.0
3,191,226.0,-466.0,-281.0
3,192,222.0,-469.0,-283.0
3,193,217.0,-472.0,-285.0
3,194,212.0,-474.0,-287.0
3,195,207.0,-477.0,-289.0
3,196,202.0,-480.0,-291.0
3,197,197.0,-483.0,-293.0
3,198,193.0,-486.0,-294.0
3,199,188.0,-489.0,-295.0
3,200,178.0,-495.0,-298.0
3,201,174.0,-498.0,-299.0
3,202,168.0,-500.0,-301.0
3,203,164.0,-503.0,-302.0
3,204,159.0,-505.0,-303.0
3,205,155.0,-507.0,-305.0
3,206,151.0,-509.0,-306.0
3,207,147.0,-511.0,-307.0
3,208,142.0,-513.0,-308.0
3,209,138.0,-515.0,-310.0
3,210,135.0,-517.0,-311.0
3,211,130.0,-519.0,-312.0
3,212,127.0,-520.0,-313.0
3,213,124.0,-522.0,-314.0
3,214,120.0,-523.0,-315.0
3,215,118.0,-524.0,-316.0
3,216,114.0,-525.0,-317.0
3,217,112.0,-527.0,-318.0
3,218,109.0,-528.0,-319.0
3,219,108.0,-529.0,-320.0
3,220,105.0,-529.0,-321.0
3,221,103.0,-530.0,-322.0
3,222,102.0,-531.0,-322.0
3,223,100.0,-532.0,-323.0
3,224,98.0,-533.0,-323.0
3,225,97.0,-533.0,-324.0
3,226,95.0,-534.0,-324.0
3,227,94.0,-535.0,-325.0
3,228,92.0,-535.0,-325.0
3,229,92.0,-536.0,-325.0
3,230,91.0,-537.0,-325.0
3,231,90.0,-537.0,-325.0
3,232,89.0,-538.0,-325.0
3,233,87.0,-538.0,-325.0
3,234,86.0,-539.0,-325.0
3,235,86.0,-539.0,-325.0
3,236,85.0,-540.0,-325.0
3,237,84.0,-540.0,-325.0
3,238,83.0,-541.0,-325.0
3,239,82.0,-541.0,-325.0
3,240,82.0,-542.0,-325.0
3,241,81.0,-542.0,-324.0
3,242,81.0,-543.0,-324.0
3,243,81.0,-543.0,-324.0
3,244,81.0,-543.0,-324.0
3,245,81.0,-544.0,-323.0
3,246,81.0,-544.0,-323.0
3,247,81.0,-544.0,-322.0
3,248,81.0,-544.0,-322.0
3,249,81.0,-545.0,-322.0
3,250,81.0,-545.0,-321.0
3,251,81.0,-545.0,-321.0
3,252,82.0,-545.0,-320.0
3,253,83.0,-545.0,-320.0
3,254,84.0,-545.0,-319.0
3,255,85.0,-545.0,-319.0
3,256,86.0,-546.0,-318.0
3,257,86.0,-546.0,-317.0
3,258,87.0,-546.0,-317.0
3,259,88.0,-546.0,-316.0
3,260,89.0,-546.0,-315.0
3,261,90.0,-546.0,-315.0
3,262,91.0,-546.0,-314.0
3,263,91.0,-546.0,-313.0
3,264,92.0,-546.0,-312.0
3,265,93.0,-546.0,-311.0
3,266,95.0,-546.0,-310.0
3,267,96.0,-546.0,-309.0
3,268,97.0,-546.0,-309.0
3,269,97.0,-546.0,-308.0
3,270,98.0,-546.0,-307.0
3,271,99.0,-546.0,-306.0
3,272,100.0,-546.0,-305.0
3,273,101.0,-546.0,-305.0
3,274,102.0,-546.0,-304.0
3,275,103.0,-545.0,-303.0
3,276,104.0,-545.0,-302.0
3,277,105.0,-545.0,-301.0
3,278,106.0,-545.0,-300.0
3,279,107.0,-545.0,-300.0
3,280,108.0,-545.0,-299.0
4,0,363.0,-439.0,-246.0
4,1,363.0,-439.0,-246.0
4,2,363.0,-439.0,-246.0
4,3,363.0,-439.0,-246.0
4,4,363.0,-439.0,-246.0
4,5,363.0,-439.0,-246.0
4,6,363.0,-439.0,-246.0
4,7,363.0,-439.0,-246.0
4,8,363.0,-439.0,-246.0
4,9,363.0,-439.0,-246.0
4,10,363.0,-439.0,-246.0
4,11,363.0,-439.0,-246.0
4,12,363.0,-439.0,-246.0
4,13,362.0,-440.0,-246.0
4,14,362.0,-440.0,-246.0
4,15,361.0,-440.0,-246.0
4,16,361.0,-441.0,-246.0
4,17,360.0,-442.0,-246.0
4,18,360.0,-442.0,-246.0
4,19,360.0,-443.0,-246.0
4,20,359.0,-444.0,-246.0
4,21,357.0,-445.0,-247.0
4,22,356.0,-447.0,-247.0
4,23,355.0,-448.0,-247.0
4,24,354.0,-450.0,-247.0
4,25,352.0,-451.0,-247.0
4,26,351.0,-453.0,-247.0
4,27,349.0,-455.0,-247.0
4,28,347.0,-457.0,-247.0
4,29,345.0,-459.0,-247.0
4,30,343.0,-462.0,-247.0
4,31,341.0,-464.0,-247.0
4,32,338.0,-466.0,-247.0
4,33,337.0,-469.0,-247.0
4,34,334.0,-471.0,-247.0
4,35,332.0,-474.0,-247.0
4,36,329.0,-477.0,-247.0
4,37,326.0,-480.0,-247.0
4,38,323.0,-482.0,-247.0
4,39,321.0,-485.0,-248.0
4,40,317.0,-488.0,-248.0
4,41,315.0,-491.0,-248.0
4,42,311.0,-494.0,-248.0
4,43,308.0,-497.0,-248.0
4,44,305.0,-500.0,-248.0
4,45,302.0,-503.0,-248.0
4,46,294.0,-509.0,-248.0
4,47,291.0,-512.0,-248.0
4,48,288.0,-515.0,-248.0
4,49,284.0,-518.0,-248.0
4,50,281.0,-521.0,-248.0
4,51,278.0,-524.0,-248.0
4,52,274.0,-526.0,-248.0
4,53,271.0,-529.0,-247.0
4,54,267.0,-532.0,-247.0
4,55,265.0,-534.0,-246.0
4,56,261.0,-537.0,-245.0
4,57,259.0,-540.0,-244.0
4,58,256.0,-543.0,-243.0
4,59,253.0,-545.0,-241.0
4,60,250.0,-548.0,-239.0
4,61,248.0,-551.0,-236.0
4,62,245.0,-553.0,-234.0
4,63,244.0,-556.0,-231.0
4,64,241.0,-558.0,-228.0
4,65,239.0,-561.0,-225.0
4,66,238.0,-563.0,-221.0
4,67,236.0,-566.0,-217.0
4,68,234.0,-568.0,-213.0
4,69,233.0,-571.0,-209.0
4,70,232.0,-573.0,-204.0
4,71,230.0,-575.0,-199.0
4,72,229.0,-578.0,-195.0
4,73,228.0,-580.0,-189.0
4,74,228.0,-582.0,-184.0
4,75,227.0,-584.0,-179.0
4,76,226.0,-586.0,-173.0
4,77,225.0,-588.0,-168.0
4,78,224.0,-590.0,-162.0
4,79,223.0,-591.0,-156.0
4,80,223.0,-593.0,-151.0
4,81,223.0,-595.0,-145.0
4,82,223.0,-596.0,-139.0
4,83,222.0,-597.0,-133.0
4,84,222.0,-599.0,-127.0
4,85,222.0,-600.0,-122.0
4,86,222.0,-601.0,-116.0
4,87,222.0,-602.0,-110.0
4,88,222.0,-602.0,-104.0
4,89,223.0,-603.0,-99.0
4,90,223.0,-604.0,-93.0
4,91,223.0,-604.0,-87.0
4,92,223.0,-604.0,-82.0
4,93,224.0,-605.0,-76.0
4,94,225.0,-605.0,-70.0
4,95,226.0,-605.0,-65.0
4,96,228.0,-605.0,-60.0
4,97,228.0,-604.0,-55.0
4,98,229.0,-604.0,-49.0
4,99,231.0,-603.0,-44.0
4,100,234.0,-602.0,-34.0
4,101,236.0,-601.0,-30.0
4,102,238.0,-600.0,-25.0
4,103,240.0,-599.0,-21.0
4,104,242.0,-598.0,-17.0
4,105,245.0,-597.0,-12.0
4,106,247.0,-596.0,-8.0
4,107,250.0,-594.0,-5.0
4,108,252.0,-593.0,-1.0
4,109,255.0,-591.0,2.0
4,110,257.0,-589.0,5.0
4,111,261.0,-587.0,8.0
4,112,264.0,-585.0,11.0
4,113,267.0,-583.0,14.0
4,114,270.0,-581.0,17.0
4,115,274.0,-579.0,19.0
4,116,278.0,-576.0,21.0
4,117,281.0,-574.0,24.0
4,118,284.0,-571.0,25.0
4,119,289.0,-568.0,27.0
4,120,292.0,-566.0,28.0
4,121,296.0,-563.0,29.0
4,122,299.0,-560.0,30.0
4,123,304.0,-557.0,31.0
4,124,308.0,-553.0,31.0
4,125,312.0,-550.0,31.0
4,126,316.0,-547.0,31.0
4,127,321.0,-543.0,30.0
4,128,325.0,-540.0,30.0
4,129,328.0,-536.0,29.0
4,130,332.0,-533.0,29.0
4,131,337.0,-529.0,28.0
4,132,341.0,-525.0,27.0
4,133,345.0,-521.0,26.0
4,134,349.0,-517.0,26.0
4,135,354.0,-513.0,25.0
4,136,357.0,-509.0,24.0
4,137,361.0,-505.0,23.0
4,138,365.0,-501.0,22.0
4,139,369.0,-497.0,21.0
4,140,372.0,-493.0,20.0
4,141,376.0,-489.0,19.0
4,142,380.0,-485.0,18.0
4,143,383.0,-480.0,17.0
4,144,387.0,-476.0,16.0
4,145,390.0,-472.0,15.0
4,146,393.0,-468.0,14.0
4,147,396.0,-464.0,12.0
4,148,399.0,-460.0,11.0
4,149,402.0,-456.0,10.0
4,150,405.0,-452.0,8.0
4,151,408.0,-448.0,6.0
4,152,410.0,-444.0,4.0
4,153,413.0,-440.0,2.0
4,154,415.0,-436.0,0.0
4,155,417.0,-433.0,-2.0
4,156,420.0,-429.0,-4.0
4,157,421.0,-426.0,-7.0
4,158,423.0,-422.0,-9.0
4,159,425.0,-419.0,-12.0
4,160,426.0,-416.0,-15.0
4,161,428.0,-413.0,-19.0
4,162,429.0,-410.0,-22.0
4,163,431.0,-407.0,-25.0
4,164,431.0,-404.0,-29.0
4,165,432.0,-402.0,-33.0
4,166,433.0,-399.0,-37.0
4,167,434.0,-397.0,-41.0
4,168,435.0,-395.0,-44.0
4,169,435.0,-392.0,-48.0
4,170,436.0,-390.0,-53.0
4,171,436.0,-388.0,-57.0
4,172,436.0,-386.0,-61.0
4,173,436.0,-384.0,-65.0
4,174,436.0,-382.0,-70.0
4,175,436.0,-380.0,-74.0
4,176,436.0,-378.0,-78.0
4,177,436.0,-376.0,-83.0
4,178,436.0,-375.0,-87.0
4,179,436.0,-373.0,-91.0
4,180,436.0,-372.0,-96.0
4,181,435.0,-370.0,-100.0
4,182,435.0,-369.0,-105.0
4,183,434.0,-368.0,-109.0
4,184,433.0,-367.0,-113.0
4,185,432.0,-367.0,-118.0
4,186,431.0,-366.0,-122.0
4,187,431.0,-366.0,-126.0
4,188,429.0,-365.0,-130.0
4,189,428.0,-365.0,-135.0
4,190,426.0,-365.0,-139.0
4,191,425.0,-365.0,-143.0
4,192,424.0,-366.0,-147.0
4,193,422.0,-366.0,-152.0
4,194,420.0,-367.0,-156.0
4,195,419.0,-368.0,-160.0
4,196,417.0,-369.0,-164.0
4,197,414.0,-370.0,-168.0
4,198,413.0,-371.0,-173.0
4,199,411.0,-372.0,-177.0
4,200,409.0,-374.0,-181.0
4,201,407.0,-375.0,-185.0
4,202,404.0,-377.0,-188.0
4,203,402.0,-378.0,-192.0
4,204,399.0,-380.0,-196.0
4,205,398.0,-381.0,-200.0
4,206,395.0,-383.0,-204.0
4,207,392.0,-385.0,-207.0
4,208,390.0,-387.0,-211.0
4,209,387.0,-389.0,-214.0
4,210,385.0,-391.0,-217.0
4,211,382.0,-393.0,-221.0
4,212,380.0,-395.0,-224.0
4,213,377.0,-398.0,-227.0
4,214,375.0,-400.0,-229.0
4,215,371.0,-402.0,-232.0
4,216,369.0,-405.0,-234.0
4,217,366.0,-408.0,-237.0
4,218,364.0,-411.0,-239.0
4,219,360.0,-413.0,-241.0
4,220,358.0,-416.0,-243.0
4,221,355.0,-419.0,-245.0
4,222,352.0,-422.0,-246.0
4,223,349.0,-426.0,-247.0
4,224,347.0,-429.0,-248.0
4,225,343.0,-432.0,-249.0
4,226,341.0,-436.0,-249.0
4,227,338.0,-439.0,-250.0
4,228,335.0,-443.0,-250.0
4,229,332.0,-446.0,-250.0
4,230,330.0,-450.0,-250.0
4,231,327.0,-453.0,-250.0
4,232,325.0,-456.0,-250.0
4,233,322.0,-459.0,-250.0
4,234,320.0,-463.0,-250.0
4,235,317.0,-465.0,-250.0
4,236,316.0,-468.0,-250.0
4,237,313.0,-471.0,-249.0
4,238,311.0,-473.0,-250.0
4,239,309.0,-476.0,-250.0
4,240,307.0,-478.0,-250.0
4,241,305.0,-480.0,-250.0
4,242,305.0,-481.0,-250.0
4,243,303.0,-483.0,-250.0
4,244,301.0,-485.0,-250.0
4,245,300.0,-486.0,-251.0
4,246,299.0,-487.0,-251.0
4,247,299.0,-489.0,-251.0
4,248,298.0,-490.0,-251.0
4,249,297.0,-491.0,-251.0
4,250,296.0,-492.0,-251.0
4,251,295.0,-493.0,-251.0
4,252,295.0,-493.0,-251.0
4,253,294.0,-494.0,-251.0
4,254,294.0,-495.0,-251.0
4,255,294.0,-495.0,-252.0
4,256,294.0,-496.0,-252.0
4,257,294.0,-496.0,-252.0
4,258,294.0,-497.0,-252.0
4,259,294.0,-497.0,-252.0
4,260,294.0,-497.0,-252.0
4,261,294.0,-497.0,-252.0
4,262,294.0,-497.0,-252.0
4,263,295.0,-497.0,-252.0
4,264,295.0,-497.0,-252.0
4,265,296.0,-497.0,-252.0
4,266,296.0,-496.0,-252.0
4,267,297.0,-496.0,-252.0
5,0,540.0,-117.0,-3.0
5,1,540.0,-117.0,-3.0
5,2,540.0,-117.0,-3.0
5,3,540.0,-117.0,-3.0
5,4,540.0,-117.0,-3.0
5,5,540.0,-117.0,-3.0
5,6,540.0,-117.0,-3.0
5,7,540.0,-117.0,-3.0
5,8,540.0,-117.0,-3.0
5,9,540.0,-117.0,-3.0
5,10,540.0,-117.0,-3.0
5,11,540.0,-117.0,-3.0
5,12,540.0,-117.0,-3.0
5,13,540.0,-117.0,-3.0
5,14,540.0,-117.0,-3.0
5,15,540.0,-117.0,-3.0
5,16,540.0,-117.0,-3.0
5,17,540.0,-117.0,-3.0
5,18,540.0,-117.0,-3.0
5,19,540.0,-117.0,-3.0
5,20,540.0,-117.0,-3.0
5,21,540.0,-117.0,-3.0
5,22,540.0,-117.0,-3.0
5,23,540.0,-117.0,-3.0
5,24,540.0,-117.0,-3.0
5,25,540.0,-117.0,-3.0
5,26,540.0,-117.0,-3.0
5,27,540.0,-117.0,-3.0
5,28,540.0,-117.0,-3.0
5,29,540.0,-117.0,-3.0
5,30,540.0,-117.0,-3.0
5,31,540.0,-117.0,-3.0
5,32,540.0,-117.0,-3.0
5,33,540.0,-117.0,-3.0
5,34,540.0,-118.0,-3.0
5,35,540.0,-118.0,-3.0
5,36,540.0,-118.0,-3.0
5,37,540.0,-119.0,-3.0
5,38,540.0,-119.0,-3.0
5,39,540.0,-119.0,-3.0
5,40,540.0,-120.0,-3.0
5,41,540.0,-121.0,-3.0
5,42,540.0,-121.0,-3.0
5,43,540.0,-122.0,-3.0
5,44,539.0,-123.0,-3.0
5,45,539.0,-125.0,-3.0
5,46,539.0,-126.0,-3.0
5,47,539.0,-128.0,-2.0
5,48,538.0,-130.0,-2.0
5,49,538.0,-132.0,-2.0
5,50,538.0,-134.0,-2.0
5,51,537.0,-136.0,-2.0
5,52,537.0,-139.0,-2.0
5,53,537.0,-141.0,-2.0
5,54,536.0,-144.0,-2.0
5,55,536.0,-147.0,-2.0
5,56,535.0,-150.0,-2.0
5,57,535.0,-153.0,-1.0
5,58,534.0,-156.0,-1.0
5,59,534.0,-159.0,-1.0
5,60,534.0,-163.0,-1.0
5,61,533.0,-166.0,-1.0
5,62,533.0,-169.0,0.0
5,63,532.0,-173.0,0.0
5,64,531.0,-176.0,0.0
5,65,530.0,-183.0,0.0
5,66,530.0,-186.0,0.0
5,67,529.0,-189.0,0.0
5,68,529.0,-192.0,0.0
5,69,529.0,-194.0,-1.0
5,70,529.0,-197.0,-2.0
5,71,529.0,-200.0,-3.0
5,72,529.0,-203.0,-4.0
5,73,528.0,-205.0,-5.0
5,74,528.0,-207.0,-7.0
5,75,528.0,-210.0,-8.0
5,76,528.0,-212.0,-11.0
5,77,528.0,-214.0,-13.0
5,78,528.0,-216.0,-16.0
5,79,528.0,-218.0,-19.0
5,80,529.0,-219.0,-22.0
5,81,529.0,-221.0,-26.0
5,82,529.0,-222.0,-30.0
5,83,529.0,-224.0,-34.0
5,84,529.0,-225.0,-39.0
5,85,529.0,-226.0,-43.0
5,86,529.0,-227.0,-48.0
5,87,529.0,-228.0,-54.0
5,88,529.0,-229.0,-59.0
5,89,529.0,-229.0,-65.0
5,90,529.0,-230.0,-71.0
5,91,530.0,-230.0,-77.0
5,92,530.0,-230.0,-83.0
5,93,530.0,-230.0,-90.0
5,94,530.0,-230.0,-96.0
5,95,530.0,-229.0,-103.0
5,96,530.0,-228.0,-109.0
5,97,530.0,-227.0,-116.0
5,98,530.0,-226.0,-122.0
5,99,530.0,-224.0,-128.0
5,100,530.0,-222.0,-134.0
5,101,530.0,-220.0,-140.0
5,102,531.0,-218.0,-145.0
5,103,531.0,-215.0,-151.0
5,104,531.0,-212.0,-156.0
5,105,531.0,-209.0,-160.0
5,106,532.0,-206.0,-164.0
5,107,532.0,-203.0,-168.0
5,108,533.0,-200.0,-172.0
5,109,533.0,-196.0,-175.0
5,110,534.0,-193.0,-178.0
5,111,534.0,-189.0,-180.0
5,112,534.0,-186.0,-182.0
5,113,535.0,-182.0,-184.0
5,114,536.0,-178.0,-185.0
5,115,537.0,-174.0,-187.0
5,116,538.0,-170.0,-188.0
5,117,539.0,-166.0,-189.0
5,118,540.0,-161.0,-190.0
5,119,540.0,-157.0,-191.0
5,120,541.0,-152.0,-191.0
5,121,542.0,-147.0,-192.0
5,122,542.0,-142.0,-192.0
5,123,543.0,-137.0,-192.0
5,124,544.0,-133.0,-192.0
5,125,545.0,-122.0,-192.0
5,126,546.0,-117.0,-191.0
5,127,547.0,-112.0,-190.0
5,128,548.0,-107.0,-189.0
5,129,549.0,-102.0,-188.0
5,130,550.0,-97.0,-187.0
5,131,551.0,-93.0,-185.0
5,132,551.0,-88.0,-184.0
5,133,551.0,-83.0,-182.0
5,134,552.0,-78.0,-180.0
5,135,553.0,-74.0,-178.0
5,136,554.0,-69.0,-175.0
5,137,554.0,-64.0,-173.0
5,138,555.0,-60.0,-170.0
5,139,556.0,-56.0,-167.0
5,140,556.0,-51.0,-164.0
5,141,556.0,-47.0,-160.0
5,142,557.0,-44.0,-157.0
5,143,557.0,-40.0,-153.0
5,144,558.0,-37.0,-148.0
5,145,559.0,-35.0,-144.0
5,146,559.0,-32.0,-139.0
5,147,560.0,-30.0,-135.0
5,148,560.0,-28.0,-130.0
5,149,560.0,-27.0,-125.0
5,150,561.0,-25.0,-120.0
5,151,561.0,-24.0,-115.0
5,152,561.0,-23.0,-110.0
5,153,561.0,-22.0,-105.0
5,154,562.0,-21.0,-100.0
5,155,562.0,-21.0,-95.0
5,156,562.0,-20.0,-89.0
5,157,561.0,-20.0,-84.0
5,158,561.0,-21.0,-79.0
5,159,561.0,-21.0,-74.0
5,160,561.0,-22.0,-69.0
5,161,561.0,-23.0,-64.0
5,162,560.0,-24.0,-60.0
5,163,560.0,-25.0,-55.0
5,164,559.0,-26.0,-51.0
5,165,559.0,-27.0,-47.0
5,166,558.0,-29.0,-43.0
5,167,558.0,-30.0,-39.0
5,168,557.0,-32.0,-36.0
5,169,557.0,-33.0,-32.0
5,170,556.0,-35.0,-29.0
5,171,556.0,-37.0,-26.0
5,172,555.0,-39.0,-24.0
5,173,555.0,-41.0,-21.0
5,174,554.0,-44.0,-18.0
5,175,553.0,-46.0,-16.0
5,176,552.0,-48.0,-13.0
5,177,551.0,-50.0,-11.0
5,178,551.0,-53.0,-9.0
5,179,551.0,-55.0,-7.0
5,180,550.0,-58.0,-4.0
5,181,549.0,-61.0,-2.0
5,182,548.0,-63.0,0.0
5,183,547.0,-66.0,1.0
5,184,546.0,-69.0,3.0
5,185,545.0,-72.0,5.0
5,186,545.0,-74.0,7.0
5,187,545.0,-77.0,9.0
5,188,544.0,-80.0,11.0
5,189,543.0,-83.0,12.0
5,190,542.0,-86.0,14.0
5,191,541.0,-89.0,15.0
5,192,540.0,-91.0,16.0
5,193,540.0,-94.0,17.0
5,194,540.0,-97.0,18.0
5,195,539.0,-99.0,19.0
5,196,539.0,-102.0,20.0
5,197,538.0,-105.0,20.0
5,198,538.0,-107.0,21.0
5,199,537.0,-109.0,21.0
5,200,537.0,-112.0,21.0
5,201,536.0,-114.0,21.0
5,202,536.0,-116.0,21.0
5,203,536.0,-118.0,21.0
5,204,535.0,-120.0,21.0
5,205,535.0,-122.0,21.0
5,206,535.0,-124.0,21.0
5,207,534.0,-127.0,20.0
5,208,534.0,-129.0,20.0
5,209,534.0,-131.0,20.0
5,210,534.0,-133.0,19.0
5,211,534.0,-135.0,19.0
5,212,534.0,-137.0,19.0
5,213,534.0,-139.0,19.0
5,214,534.0,-141.0,19.0
5,215,534.0,-143.0,18.0
5,216,534.0,-145.0,18.0
5,217,533.0,-147.0,18.0
5,218,533.0,-149.0,17.0
5,219,533.0,-151.0,17.0
5,220,533.0,-153.0,17.0
5,221,533.0,-154.0,16.0
5,222,532.0,-156.0,16.0
5,223,532.0,-158.0,16.0
5,224,532.0,-160.0,15.0
5,225,532.0,-161.0,15.0
5,226,532.0,-163.0,14.0
5,227,532.0,-164.0,14.0
5,228,532.0,-166.0,14.0
5,229,531.0,-167.0,13.0
5,230,531.0,-169.0,13.0
5,231,531.0,-170.0,12.0
5,232,531.0,-172.0,11.0
5,233,531.0,-173.0,11.0
5,234,531.0,-174.0,10.0
5,235,531.0,-176.0,9.0
5,236,531.0,-177.0,8.0
5,237,531.0,-178.0,8.0
5,238,531.0,-180.0,7.0
5,239,531.0,-181.0,6.0
5,240,531.0,-182.0,5.0
5,241,531.0,-183.0,4.0
5,242,532.0,-184.0,3.0
5,243,532.0,-185.0,2.0
5,244,532.0,-186.0,1.0
5,245,532.0,-187.0,0.0
6,0,539.0,-165.0,-51.0
6,1,539.0,-164.0,-50.0
6,2,539.0,-163.0,-50.0
6,3,539.0,-162.0,-50.0
6,4,539.0,-161.0,-50.0
6,5,539.0,-159.0,-49.0
6,6,539.0,-158.0,-49.0
6,7,539.0,-157.0,-48.0
6,8,539.0,-155.0,-48.0
6,9,539.0,-154.0,-48.0
6,10,539.0,-152.0,-47.0
6,11,538.0,-151.0,-47.0
6,12,538.0,-149.0,-46.0
6,13,538.0,-148.0,-46.0
6,14,538.0,-146.0,-45.0
6,15,538.0,-145.0,-45.0
6,16,538.0,-143.0,-44.0
6,17,538.0,-142.0,-43.0
6,18,537.0,-140.0,-43.0
6,19,537.0,-139.0,-42.0
6,20,537.0,-138.0,-41.0
6,21,537.0,-136.0,-40.0
6,22,536.0,-135.0,-39.0
6,23,536.0,-134.0,-38.0
6,24,536.0,-133.0,-37.0
6,25,536.0,-132.0,-35.0
6,26,535.0,-131.0,-34.0
6,27,535.0,-130.0,-32.0
6,28,535.0,-129.0,-31.0
6,29,534.0,-128.0,-29.0
6,30,534.0,-128.0,-28.0
6,31,534.0,-127.0,-26.0
6,32,534.0,-127.0,-24.0
6,33,534.0,-127.0,-22.0
6,34,534.0,-127.0,-21.0
6,35,533.0,-127.0,-19.0
6,36,533.0,-127.0,-15.0
6,37,532.0,-128.0,-13.0
6,38,532.0,-129.0,-12.0
6,39,531.0,-129.0,-10.0
6,40,531.0,-131.0,-8.0
6,41,530.0,-132.0,-6.0
6,42,530.0,-134.0,-4.0
6,43,529.0,-136.0,-2.0
6,44,529.0,-138.0,-1.0
6,45,529.0,-140.0,0.0
6,46,528.0,-143.0,2.0
6,47,528.0,-145.0,4.0
6,48,527.0,-149.0,6.0
6,49,526.0,-152.0,8.0
6,50,525.0,-156.0,10.0
6,51,524.0,-160.0,11.0
6,52,523.0,-164.0,13.0
6,53,523.0,-168.0,15.0
6,54,522.0,-172.0,17.0
6,55,521.0,-177.0,18.0
6,56,520.0,-182.0,20.0
6,57,519.0,-187.0,21.0
6,58,518.0,-192.0,23.0
6,59,517.0,-197.0,24.0
6,60,516.0,-203.0,25.0
6,61,515.0,-208.0,26.0
6,62,514.0,-213.0,26.0
6,63,513.0,-218.0,27.0
6,64,513.0,-223.0,27.0
6,65,511.0,-228.0,27.0
6,66,510.0,-232.0,27.0
6,67,509.0,-237.0,26.0
6,68,508.0,-242.0,26.0
6,69,507.0,-246.0,25.0
6,70,507.0,-250.0,23.0
6,71,507.0,-254.0,22.0
6,72,506.0,-258.0,20.0
6,73,505.0,-262.0,19.0
6,74,505.0,-265.0,17.0
6,75,504.0,-268.0,14.0
6,76,504.0,-271.0,11.0
6,77,504.0,-273.0,8.0
6,78,504.0,-276.0,5.0
6,79,503.0,-278.0,1.0
6,80,503.0,-280.0,-1.0
6,81,504.0,-282.0,-5.0
6,82,504.0,-283.0,-10.0
6,83,504.0,-285.0,-14.0
6,84,505.0,-287.0,-24.0
6,85,505.0,-287.0,-29.0
6,86,505.0,-288.0,-34.0
6,87,506.0,-288.0,-39.0
6,88,507.0,-288.0,-44.0
6,89,507.0,-288.0,-50.0
6,90,507.0,-287.0,-55.0
6,91,508.0,-286.0,-61.0
6,92,509.0,-285.0,-66.0
6,93,509.0,-284.0,-71.0
6,94,510.0,-283.0,-77.0
6,95,511.0,-281.0,-82.0
6,96,512.0,-280.0,-87.0
6,97,513.0,-278.0,-92.0
6,98,513.0,-275.0,-97.0
6,99,514.0,-273.0,-102.0
6,100,515.0,-271.0,-107.0
6,101,516.0,-268.0,-111.0
6,102,517.0,-265.0,-116.0
6,103,518.0,-262.0,-120.0
6,104,518.0,-259.0,-124.0
6,105,520.0,-255.0,-128.0
6,106,521.0,-252.0,-131.0
6,107,522.0,-248.0,-134.0
6,108,523.0,-244.0,-137.0
6,109,524.0,-240.0,-140.0
6,110,526.0,-236.0,-143.0
6,111,527.0,-231.0,-145.0
6,112,529.0,-227.0,-147.0
6,113,530.0,-222.0,-149.0
6,114,531.0,-217.0,-151.0
6,115,533.0,-212.0,-152.0
6,116,534.0,-207.0,-154.0
6,117,535.0,-202.0,-155.0
6,118,537.0,-197.0,-156.0
6,119,538.0,-192.0,-157.0
6,120,540.0,-187.0,-158.0
6,121,540.0,-181.0,-159.0
6,122,542.0,-176.0,-159.0
6,123,543.0,-170.0,-160.0
6,124,544.0,-165.0,-161.0
6,125,545.0,-160.0,-162.0
6,126,546.0,-154.0,-162.0
6,127,547.0,-149.0,-163.0
6,128,548.0,-144.0,-163.0
6,129,549.0,-139.0,-164.0
6,130,550.0,-134.0,-164.0
6,131,551.0,-129.0,-165.0
6,132,551.0,-124.0,-165.0
6,133,551.0,-118.0,-165.0
6,134,552.0,-113.0,-166.0
6,135,552.0,-108.0,-166.0
6,136,553.0,-103.0,-166.0
6,137,554.0,-99.0,-166.0
6,138,554.0,-94.0,-166.0
6,139,554.0,-89.0,-166.0
6,140,555.0,-85.0,-165.0
6,141,555.0,-80.0,-165.0
6,142,555.0,-76.0,-164.0
6,143,556.0,-72.0,-163.0
6,144,556.0,-67.0,-162.0
6,145,556.0,-63.0,-161.0
6,146,556.0,-60.0,-160.0
6,147,556.0,-56.0,-158.0
6,148,556.0,-52.0,-156.0
6,149,557.0,-49.0,-154.0
6,150,557.0,-45.0,-152.0
6,151,557.0,-42.0,-149.0
6,152,557.0,-39.0,-146.0
6,153,558.0,-37.0,-143.0
6,154,558.0,-34.0,-140.0
6,155,558.0,-32.0,-136.0
6,156,558.0,-30.0,-132.0
6,157,559.0,-28.0,-128.0
6,158,559.0,-26.0,-124.0
6,159,559.0,-24.0,-119.0
6,160,559.0,-23.0,-114.0
6,161,559.0,-22.0,-110.0
6,162,559.0,-21.0,-105.0
6,163,560.0,-20.0,-99.0
6,164,560.0,-19.0,-94.0
6,165,560.0,-19.0,-88.0
6,166,559.0,-18.0,-83.0
6,167,559.0,-18.0,-78.0
6,168,559.0,-17.0,-72.0
6,169,559.0,-17.0,-67.0
6,170,558.0,-17.0,-62.0
6,171,558.0,-17.0,-56.0
6,172,558.0,-17.0,-51.0
6,173,557.0,-18.0,-46.0
6,174,557.0,-18.0,-41.0
6,175,556.0,-20.0,-32.0
6,176,556.0,-21.0,-27.0
6,177,555.0,-22.0,-23.0
6,178,554.0,-24.0,-19.0
6,179,553.0,-25.0,-16.0
6,180,553.0,-27.0,-13.0
6,181,552.0,-29.0,-10.0
6,182,551.0,-31.0,-8.0
6,183,551.0,-34.0,-6.0
6,184,551.0,-36.0,-4.0
6,185,550.0,-39.0,-2.0
6,186,549.0,-42.0,-1.0
6,187,549.0,-45.0,0.0
6,188,548.0,-48.0,0.0
6,189,547.0,-51.0,1.0
6,190,547.0,-54.0,2.0
6,191,546.0,-58.0,2.0
6,192,545.0,-61.0,3.0
6,193,545.0,-64.0,3.0
6,194,545.0,-68.0,3.0
6,195,545.0,-71.0,4.0
6,196,544.0,-75.0,4.0
6,197,544.0,-78.0,4.0
6,198,543.0,-81.0,4.0
6,199,542.0,-85.0,4.0
6,200,542.0,-87.0,4.0
6,201,541.0,-90.0,4.0
6,202,541.0,-93.0,4.0
6,203,540.0,-96.0,5.0
6,204,540.0,-98.0,5.0
7,0,505.0,-124.0,-146.0
7,1,505.0,-124.0,-146.0
7,2,505.0,-124.0,-146.0
7,3,505.0,-124.0,-146.0
7,4,505.0,-124.0,-146.0
7,5,505.0,-124.0,-146.0
7,6,505.0,-124.0,-146.0
7,7,505.0,-124.0,-146.0
7,8,505.0,-124.0,-146.0
7,9,505.0,-124.0,-146.0
7,10,505.0,-124.0,-146.0
7,11,505.0,-124.0,-146.0
7,12,505.0,-124.0,-146.0
7,13,505.0,-124.0,-146.0
7,14,505.0,-124.0,-146.0
7,15,505.0,-124.0,-146.0
7,16,505.0,-124.0,-146.0
7,17,505.0,-124.0,-146.0
7,18,505.0,-124.0,-146.0
7,19,505.0,-124.0,-146.0
7,20,505.0,-125.0,-146.0
7,21,505.0,-125.0,-146.0
7,22,505.0,-125.0,-146.0
7,23,505.0,-126.0,-146.0
7,24,505.0,-126.0,-146.0
7,25,505.0,-127.0,-146.0
7,26,504.0,-129.0,-146.0
7,27,504.0,-131.0,-146.0
7,28,504.0,-133.0,-146.0
7,29,503.0,-135.0,-146.0
7,30,503.0,-137.0,-146.0
7,31,502.0,-140.0,-146.0
7,32,502.0,-143.0,-146.0
7,33,502.0,-146.0,-146.0
7,34,501.0,-150.0,-146.0
7,35,500.0,-153.0,-146.0
7,36,499.0,-158.0,-145.0
7,37,498.0,-162.0,-145.0
7,38,496.0,-167.0,-145.0
7,39,496.0,-172.0,-145.0
7,40,494.0,-177.0,-145.0
7,41,493.0,-183.0,-144.0
7,42,491.0,-188.0,-144.0
7,43,491.0,-194.0,-143.0
7,44,489.0,-200.0,-142.0
7,45,487.0,-206.0,-141.0
7,46,485.0,-211.0,-140.0
7,47,484.0,-217.0,-138.0
7,48,482.0,-223.0,-137.0
7,49,480.0,-229.0,-134.0
7,50,479.0,-235.0,-132.0
7,51,477.0,-242.0,-129.0
7,52,475.0,-247.0,-126.0
7,53,474.0,-253.0,-122.0
7,54,472.0,-259.0,-118.0
7,55,470.0,-264.0,-114.0
7,56,469.0,-269.0,-109.0
7,57,468.0,-274.0,-104.0
7,58,466.0,-278.0,-99.0
7,59,464.0,-282.0,-94.0
7,60,463.0,-286.0,-88.0
7,61,462.0,-290.0,-82.0
7,62,461.0,-293.0,-76.0
7,63,460.0,-296.0,-70.0
7,64,459.0,-298.0,-64.0
7,65,458.0,-300.0,-57.0
7,66,458.0,-301.0,-50.0
7,67,458.0,-302.0,-43.0
7,68,458.0,-303.0,-37.0
7,69,458.0,-303.0,-29.0
7,70,458.0,-302.0,-22.0
7,71,458.0,-302.0,-15.0
7,72,458.0,-301.0,-8.0
7,73,458.0,-300.0,-1.0
7,74,458.0,-299.0,6.0
7,75,458.0,-295.0,20.0
7,76,458.0,-293.0,27.0
7,77,459.0,-290.0,34.0
7,78,460.0,-287.0,41.0
7,79,460.0,-283.0,47.0
7,80,461.0,-279.0,53.0
7,81,462.0,-275.0,59.0
7,82,463.0,-271.0,65.0
7,83,464.0,-266.0,70.0
7,84,465.0,-261.0,76.0
7,85,466.0,-256.0,81.0
7,86,468.0,-250.0,86.0
7,87,469.0,-245.0,90.0
7,88,469.0,-239.0,94.0
7,89,471.0,-232.0,99.0
7,90,473.0,-226.0,102.0
7,91,474.0,-219.0,106.0
7,92,475.0,-213.0,109.0
7,93,476.0,-206.0,112.0
7,94,478.0,-199.0,115.0
7,95,479.0,-192.0,118.0
7,96,480.0,-185.0,120.0
7,97,482.0,-177.0,122.0
7,98,483.0,-170.0,123.0
7,99,485.0,-163.0,124.0
7,100,486.0,-155.0,125.0
7,101,487.0,-148.0,125.0
7,102,489.0,-140.0,125.0
7,103,491.0,-133.0,125.0
7,104,491.0,-125.0,124.0
7,105,493.0,-118.0,123.0
7,106,494.0,-110.0,122.0
7,107,496.0,-102.0,121.0
7,108,496.0,-94.0,119.0
7,109,497.0,-86.0,118.0
7,110,498.0,-79.0,117.0
7,111,499.0,-71.0,115.0
7,112,500.0,-63.0,113.0
7,113,501.0,-56.0,112.0
7,114,501.0,-49.0,110.0
7,115,502.0,-41.0,107.0
7,116,502.0,-34.0,105.0
7,117,502.0,-27.0,103.0
7,118,502.0,-20.0,101.0
7,119,502.0,-13.0,99.0
7,120,502.0,-7.0,96.0
7,121,503.0,0.0,93.0
7,122,503.0,5.0,90.0
7,123,503.0,11.0,87.0
7,124,503.0,16.0,84.0
7,125,503.0,22.0,80.0
7,126,503.0,27.0,76.0
7,127,503.0,32.0,72.0
7,128,503.0,37.0,68.0
7,129,504.0,41.0,63.0
7,130,504.0,45.0,58.0
7,131,504.0,49.0,53.0
7,132,504.0,53.0,48.0
7,133,504.0,56.0,43.0
7,134,504.0,59.0,37.0
7,135,505.0,62.0,32.0
7,136,505.0,64.0,26.0
7,137,505.0,66.0,20.0
7,138,505.0,68.0,14.0
7,139,506.0,69.0,8.0
7,140,506.0,70.0,1.0
7,141,506.0,71.0,-4.0
7,142,506.0,72.0,-10.0
7,143,507.0,72.0,-17.0
7,144,507.0,72.0,-23.0
7,145,507.0,72.0,-29.0
7,146,507.0,71.0,-36.0
7,147,507.0,70.0,-42.0
7,148,507.0,69.0,-48.0
7,149,508.0,67.0,-54.0
7,150,508.0,65.0,-60.0
7,151,509.0,63.0,-66.0
7,152,509.0,61.0,-71.0
7,153,509.0,58.0,-77.0
7,154,510.0,55.0,-82.0
7,155,510.0,52.0,-88.0
7,156,510.0,48.0,-93.0
7,157,511.0,44.0,-98.0
7,158,511.0,40.0,-103.0
7,159,512.0,31.0,-112.0
7,160,512.0,26.0,-117.0
7,161,513.0,21.0,-121.0
7,162,513.0,16.0,-125.0
7,163,513.0,10.0,-129.0
7,164,513.0,4.0,-132.0
7,165,513.0,-1.0,-135.0
7,166,513.0,-7.0,-138.0
7,167,513.0,-13.0,-141.0
7,168,513.0,-20.0,-143.0
7,169,514.0,-26.0,-146.0
7,170,514.0,-33.0,-148.0
7,171,514.0,-40.0,-149.0
7,172,514.0,-47.0,-151.0
7,173,514.0,-54.0,-152.0
7,174,514.0,-60.0,-153.0
7,175,513.0,-67.0,-154.0
7,176,513.0,-74.0,-155.0
7,177,513.0,-81.0,-156.0
7,178,513.0,-88.0,-156.0
7,179,513.0,-94.0,-156.0
7,180,513.0,-100.0,-156.0
7,181,512.0,-107.0,-156.0
7,182,512.0,-113.0,-156.0
7,183,511.0,-118.0,-156.0
7,184,511.0,-123.0,-155.0
7,185,510.0,-128.0,-155.0
7,186,510.0,-133.0,-155.0
7,187,509.0,-137.0,-154.0
7,188,509.0,-141.0,-154.0
7,189,508.0,-144.0,-153.0
7,190,508.0,-148.0,-153.0
7,191,507.0,-151.0,-153.0
7,192,507.0,-154.0,-152.0
7,193,507.0,-157.0,-152.0
7,194,507.0,-159.0,-151.0
7,195,507.0,-161.0,-151.0
7,196,507.0,-163.0,-151.0
7,197,507.0,-164.0,-150.0
7,198,507.0,-165.0,-150.0
7,199,506.0,-167.0,-150.0
7,200,506.0,-168.0,-150.0
7,201,506.0,-169.0,-150.0
7,202,506.0,-170.0,-150.0
7,203,506.0,-170.0,-150.0
7,204,506.0,-171.0,-150.0
7,205,506.0,-172.0,-150.0
7,206,506.0,-172.0,-149.0
7,207,507.0,-172.0,-149.0
7,208,507.0,-173.0,-149.0
7,209,507.0,-173.0,-149.0
7,210,507.0,-173.0,-149.0
7,211,507.0,-173.0,-149.0
7,212,507.0,-173.0,-149.0
7,213,507.0,-173.0,-149.0
7,214,507.0,-173.0,-149.0
7,215,507.0,-173.0,-149.0
7,216,507.0,-173.0,-149.0
7,217,507.0,-173.0,-149.0
7,218,507.0,-173.0,-149.0
7,219,507.0,-173.0,-149.0
7,220,507.0,-172.0,-149.0
7,221,507.0,-172.0,-149.0
7,222,508.0,-172.0,-149.0
7,223,508.0,-171.0,-149.0
7,224,508.0,-171.0,-149.0
7,225,508.0,-171.0,-149.0
7,226,508.0,-170.0,-149.0
8,0,579.0,-49.0,-49.0
8,1,579.0,-49.0,-49.0
8,2,579.0,-49.0,-49.0
8,3,579.0,-49.0,-49.0
8,4,579.0,-49.0,-49.0
8,5,579.0,-49.0,-49.0
8,6,579.0,-49.0,-49.0
8,7,579.0,-49.0,-49.0
8,8,579.0,-49.0,-49.0
8,9,579.0,-49.0,-49.0
8,10,579.0,-49.0,-49.0
8,11,579.0,-49.0,-49.0
8,12,579.0,-49.0,-49.0
8,13,579.0,-49.0,-49.0
8,14,579.0,-50.0,-49.0
8,15,579.0,-50.0,-49.0
8,16,579.0,-50.0,-49.0
8,17,579.0,-51.0,-49.0
8,18,579.0,-51.0,-49.0
8,19,579.0,-51.0,-49.0
8,20,579.0,-51.0,-49.0
8,21,578.0,-52.0,-49.0
8,22,578.0,-52.0,-49.0
8,23,578.0,-52.0,-49.0
8,24,578.0,-53.0,-49.0
8,25,578.0,-54.0,-49.0
8,26,578.0,-55.0,-49.0
8,27,578.0,-55.0,-49.0
8,28,578.0,-57.0,-49.0
8,29,578.0,-58.0,-49.0
8,30,578.0,-59.0,-49.0
8,31,578.0,-60.0,-49.0
8,32,578.0,-62.0,-49.0
8,33,578.0,-64.0,-49.0
8,34,578.0,-65.0,-49.0
8,35,578.0,-67.0,-49.0
8,36,578.0,-69.0,-49.0
8,37,578.0,-72.0,-49.0
8,38,577.0,-74.0,-49.0
8,39,577.0,-76.0,-49.0
8,40,577.0,-79.0,-49.0
8,41,577.0,-81.0,-49.0
8,42,576.0,-84.0,-49.0
8,43,576.0,-87.0,-49.0
8,44,575.0,-90.0,-49.0
8,45,575.0,-93.0,-49.0
8,46,574.0,-99.0,-49.0
8,47,574.0,-102.0,-49.0
8,48,573.0,-105.0,-49.0
8,49,573.0,-108.0,-48.0
8,50,573.0,-112.0,-48.0
8,51,573.0,-115.0,-48.0
8,52,572.0,-118.0,-47.0
8,53,572.0,-121.0,-47.0
8,54,571.0,-124.0,-46.0
8,55,571.0,-127.0,-45.0
8,56,570.0,-130.0,-44.0
8,57,570.0,-133.0,-43.0
8,58,569.0,-136.0,-41.0
8,59,569.0,-138.0,-40.0
8,60,568.0,-141.0,-38.0
8,61,568.0,-143.0,-36.0
8,62,567.0,-146.0,-34.0
8,63,567.0,-148.0,-32.0
8,64,567.0,-150.0,-29.0
8,65,567.0,-152.0,-26.0
8,66,567.0,-154.0,-24.0
8,67,567.0,-156.0,-20.0
8,68,566.0,-158.0,-17.0
8,69,566.0,-160.0,-14.0
8,70,566.0,-161.0,-10.0
8,71,565.0,-162.0,-7.0
8,72,565.0,-164.0,-3.0
8,73,565.0,-165.0,0.0
8,74,565.0,-166.0,4.0
8,75,564.0,-166.0,8.0
8,76,564.0,-167.0,12.0
8,77,564.0,-167.0,17.0
8,78,564.0,-167.0,21.0
8,79,564.0,-167.0,26.0
8,80,564.0,-167.0,30.0
8,81,563.0,-166.0,34.0
8,82,563.0,-166.0,39.0
8,83,563.0,-165.0,43.0
8,84,563.0,-164.0,48.0
8,85,563.0,-163.0,52.0
8,86,563.0,-162.0,56.0
8,87,563.0,-161.0,61.0
8,88,563.0,-160.0,65.0
8,89,563.0,-158.0,69.0
8,90,562.0,-156.0,78.0
8,91,562.0,-154.0,81.0
8,92,562.0,-153.0,85.0
8,93,562.0,-151.0,89.0
8,94,562.0,-149.0,92.0
8,95,562.0,-147.0,95.0
8,96,562.0,-145.0,99.0
8,97,562.0,-143.0,102.0
8,98,562.0,-141.0,104.0
8,99,562.0,-139.0,107.0
8,100,562.0,-137.0,109.0
8,101,562.0,-134.0,111.0
8,102,562.0,-132.0,113.0
8,103,563.0,-129.0,115.0
8,104,563.0,-127.0,116.0
8,105,563.0,-124.0,117.0
8,106,564.0,-121.0,118.0
8,107,564.0,-118.0,119.0
8,108,565.0,-115.0,119.0
8,109,565.0,-111.0,119.0
8,110,566.0,-108.0,119.0
8,111,566.0,-105.0,119.0
8,112,567.0,-101.0,119.0
8,113,567.0,-97.0,119.0
8,114,567.0,-94.0,119.0
8,115,567.0,-90.0,119.0
8,116,568.0,-86.0,119.0
8,117,568.0,-82.0,119.0
8,118,569.0,-78.0,119.0
8,119,569.0,-74.0,119.0
8,120,570.0,-70.0,119.0
8,121,570.0,-65.0,119.0
8,122,571.0,-61.0,119.0
8,123,571.0,-57.0,119.0
8,124,571.0,-53.0,119.0
8,125,572.0,-48.0,119.0
8,126,572.0,-44.0,119.0
8,127,572.0,-40.0,119.0
8,128,573.0,-35.0,119.0
8,129,573.0,-31.0,119.0
8,130,573.0,-27.0,119.0
8,131,573.0,-23.0,119.0
8,132,573.0,-18.0,119.0
8,133,573.0,-14.0,118.0
8,134,573.0,-10.0,118.0
8,135,573.0,-6.0,117.0
8,136,573.0,-2.0,117.0
8,137,573.0,1.0,116.0
8,138,574.0,8.0,114.0
8,139,574.0,12.0,112.0
8,140,574.0,16.0,110.0
8,141,574.0,19.0,108.0
8,142,574.0,23.0,106.0
8,143,575.0,26.0,104.0
8,144,575.0,29.0,101.0
8,145,575.0,33.0,98.0
8,146,576.0,36.0,95.0
8,147,576.0,38.0,92.0
8,148,576.0,41.0,88.0
8,149,576.0,44.0,85.0
8,150,577.0,46.0,81.0
8,151,577.0,48.0,77.0
8,152,577.0,50.0,73.0
8,153,578.0,52.0,69.0
8,154,578.0,54.0,65.0
8,155,578.0,55.0,60.0
8,156,578.0,57.0,56.0
8,157,578.0,58.0,52.0
8,158,578.0,58.0,47.0
8,159,578.0,59.0,43.0
8,160,579.0,59.0,38.0
8,161,579.0,60.0,34.0
8,162,579.0,59.0,29.0
8,163,579.0,59.0,25.0
8,164,579.0,59.0,20.0
8,165,580.0,59.0,16.0
8,166,580.0,58.0,12.0
8,167,580.0,58.0,7.0
8,168,580.0,57.0,3.0
8,169,580.0,56.0,0.0
8,170,580.0,55.0,-4.0
8,171,580.0,54.0,-8.0
8,172,580.0,53.0,-12.0
8,173,580.0,52.0,-16.0
8,174,580.0,51.0,-20.0
8,175,580.0,49.0,-24.0
8,176,580.0,47.0,-27.0
8,177,580.0,46.0,-31.0
8,178,580.0,44.0,-34.0
8,179,580.0,42.0,-37.0
8,180,580.0,40.0,-40.0
8,181,580.0,38.0,-43.0
8,182,580.0,35.0,-46.0
8,183,580.0,33.0,-48.0
8,184,580.0,30.0,-50.0
8,185,580.0,28.0,-53.0
8,186,580.0,25.0,-55.0
8,187,580.0,22.0,-56.0
8,188,579.0,19.0,-58.0
8,189,579.0,16.0,-60.0
8,190,579.0,12.0,-61.0
8,191,579.0,9.0,-62.0
8,192,579.0,5.0,-63.0
8,193,579.0,1.0,-64.0
8,194,579.0,-2.0,-65.0
8,195,579.0,-5.0,-65.0
8,196,579.0,-8.0,-65.0
8,197,579.0,-12.0,-65.0
8,198,579.0,-16.0,-65.0
8,199,579.0,-20.0,-65.0
8,200,579.0,-24.0,-65.0
8,201,578.0,-32.0,-65.0
8,202,578.0,-36.0,-65.0
8,203,578.0,-39.0,-65.0
8,204,578.0,-43.0,-65.0
8,205,578.0,-46.0,-65.0
8,206,578.0,-50.0,-65.0
8,207,578.0,-53.0,-65.0
8,208,578.0,-56.0,-65.0
8,209,578.0,-58.0,-65.0
8,210,577.0,-61.0,-65.0
8,211,577.0,-63.0,-65.0
8,212,577.0,-65.0,-65.0
8,213,577.0,-67.0,-65.0
8,214,577.0,-69.0,-65.0
8,215,576.0,-70.0,-65.0
8,216,576.0,-72.0,-65.0
8,217,576.0,-73.0,-65.0
8,218,576.0,-74.0,-65.0
8,219,576.0,-75.0,-65.0
8,220,576.0,-76.0,-65.0
8,221,576.0,-76.0,-65.0
8,222,576.0,-77.0,-65.0
8,223,576.0,-77.0,-65.0
8,224,576.0,-78.0,-65.0
8,225,576.0,-78.0,-65.0
8,226,576.0,-78.0,-65.0
8,227,576.0,-78.0,-65.0
8,228,576.0,-78.0,-65.0
8,229,576.0,-78.0,-65.0
8,230,576.0,-78.0,-65.0
8,231,576.0,-77.0,-65.0
8,232,576.0,-77.0,-65.0
8,233,576.0,-77.0,-65.0
8,234,576.0,-77.0,-65.0
8,235,576.0,-77.0,-65.0
8,236,576.0,-77.0,-65.0
8,237,576.0,-77.0,-65.0
8,238,576.0,-77.0,-65.0
9,0,189.0,572.0,-59.0
9,1,189.0,572.0,-59.0
9,2,189.0,572.0,-59.0
9,3,189.0,572.0,-59.0
9,4,189.0,572.0,-59.0
9,5,189.0,572.0,-59.0
9,6,189.0,572.0,-59.0
9,7,189.0,572.0,-59.0
9,8,189.0,572.0,-59.0
9,9,189.0,572.0,-59.0
9,10,189.0,572.0,-59.0
9,11,189.0,572.0,-59.0
9,12,189.0,572.0,-59.0
9,13,189.0,572.0,-59.0
9,14,189.0,572.0,-59.0
9,15,189.0,572.0,-59.0
9,16,189.0,572.0,-59.0
9,17,189.0,572.0,-59.0
9,18,189.0,572.0,-59.0
9,19,189.0,572.0,-59.0
9,20,189.0,572.0,-59.0
9,21,189.0,572.0,-59.0
9,22,188.0,572.0,-59.0
9,23,188.0,572.0,-59.0
9,24,188.0,572.0,-59.0
9,25,188.0,572.0,-59.0
9,26,188.0,572.0,-59.0
9,27,188.0,572.0,-59.0
9,28,188.0,572.0,-59.0
9,29,188.0,572.0,-59.0
9,30,188.0,572.0,-59.0
9,31,188.0,572.0,-59.0
9,32,188.0,572.0,-59.0
9,33,188.0,572.0,-59.0
9,34,188.0,572.0,-59.0
9,35,188.0,572.0,-59.0
9,36,188.0,572.0,-59.0
9,37,188.0,572.0,-59.0
9,38,188.0,572.0,-59.0
9,39,188.0,572.0,-59.0
9,40,188.0,572.0,-59.0
9,41,188.0,572.0,-59.0
9,42,188.0,572.0,-59.0
9,43,188.0,572.0,-59.0
9,44,188.0,572.0,-59.0
9,45,188.0,572.0,-59.0
9,46,188.0,572.0,-59.0
9,47,188.0,572.0,-59.0
9,48,188.0,572.0,-59.0
9,49,188.0,572.0,-59.0
9,50,188.0,572.0,-59.0
9,51,188.0,572.0,-59.0
9,52,188.0,572.0,-59.0
9,53,188.0,572.0,-59.0
9,54,188.0,572.0,-59.0
9,55,188.0,572.0,-59.0
9,56,188.0,572.0,-59.0
9,57,188.0,572.0,-59.0
9,58,188.0,572.0,-59.0
9,59,188.0,572.0,-59.0
9,60,188.0,572.0,-59.0
9,61,188.0,572.0,-59.0
9,62,188.0,572.0,-59.0
9,63,188.0,572.0,-59.0
9,64,188.0,572.0,-59.0
9,65,188.0,572.0,-59.0
9,66,188.0,572.0,-59.0
9,67,188.0,572.0,-59.0
9,68,188.0,572.0,-59.0
9,69,188.0,572.0,-59.0
9,70,188.0,572.0,-59.0
9,71,188.0,572.0,-59.0
9,72,188.0,572.0,-59.0
9,73,188.0,572.0,-59.0
9,74,188.0,572.0,-59.0
9,75,188.0,572.0,-59.0
9,76,188.0,572.0,-59.0
9,77,188.0,572.0,-59.0
9,78,188.0,572.0,-59.0
9,79,188.0,572.0,-59.0
9,80,188.0,572.0,-59.0
9,81,188.0,572.0,-59.0
9,82,188.0,572.0,-59.0
9,83,188.0,572.0,-59.0
9,84,188.0,572.0,-59.0
9,85,188.0,572.0,-59.0
9,86,187.0,572.0,-59.0
9,87,186.0,572.0,-59.0
9,88,185.0,573.0,-59.0
9,89,184.0,573.0,-59.0
9,90,182.0,573.0,-59.0
9,91,180.0,574.0,-59.0
9,92,178.0,575.0,-59.0
9,93,175.0,575.0,-59.0
9,94,172.0,576.0,-60.0
9,95,169.0,577.0,-60.0
9,96,166.0,578.0,-60.0
9,97,163.0,578.0,-60.0
9,98,158.0,579.0,-60.0
9,99,155.0,580.0,-60.0
9,100,151.0,581.0,-61.0
9,101,147.0,581.0,-61.0
9,102,141.0,582.0,-61.0
9,103,137.0,583.0,-61.0
9,104,132.0,583.0,-61.0
9,105,128.0,584.0,-61.0
9,106,123.0,584.0,-61.0
9,107,118.0,585.0,-60.0
9,108,113.0,585.0,-60.0
9,109,108.0,586.0,-59.0
9,110,103.0,586.0,-58.0
9,111,98.0,586.0,-57.0
9,112,93.0,586.0,-56.0
9,113,88.0,586.0,-54.0
9,114,84.0,586.0,-52.0
9,115,79.0,586.0,-50.0
9,116,74.0,586.0,-47.0
9,117,70.0,586.0,-44.0
9,118,65.0,586.0,-41.0
9,119,60.0,586.0,-38.0
9,120,55.0,586.0,-35.0
9,121,51.0,585.0,-32.0
9,122,47.0,585.0,-28.0
9,123,43.0,584.0,-24.0
9,124,38.0,584.0,-20.0
9,125,34.0,583.0,-16.0
9,126,30.0,582.0,-12.0
9,127,26.0,582.0,-8.0
9,128,22.0,581.0,-4.0
9,129,18.0,580.0,0.0
9,130,14.0,579.0,4.0
9,131,10.0,578.0,8.0
9,132,7.0,577.0,13.0
9,133,3.0,576.0,17.0
9,134,0.0,575.0,22.0
9,135,-4.0,573.0,26.0
9,136,-7.0,572.0,30.0
9,137,-15.0,569.0,40.0
9,138,-19.0,568.0,44.0
9,139,-22.0,566.0,49.0
9,140,-26.0,565.0,54.0
9,141,-28.0,563.0,58.0
9,142,-32.0,562.0,63.0
9,143,-34.0,560.0,68.0
9,144,-36.0,559.0,72.0
9,145,-38.0,557.0,77.0
9,146,-40.0,556.0,82.0
9,147,-41.0,554.0,88.0
9,148,-42.0,553.0,93.0
9,149,-44.0,551.0,98.0
9,150,-44.0,550.0,103.0
9,151,-44.0,549.0,109.0
9,152,-45.0,547.0,114.0
9,153,-45.0,546.0,120.0
9,154,-46.0,544.0,126.0
9,155,-46.0,543.0,132.0
9,156,-47.0,541.0,138.0
9,157,-48.0,540.0,144.0
9,158,-48.0,538.0,150.0
9,159,-48.0,537.0,156.0
9,160,-49.0,535.0,162.0
9,161,-49.0,533.0,168.0
9,162,-49.0,532.0,174.0
9,163,-49.0,530.0,180.0
9,164,-49.0,529.0,186.0
9,165,-49.0,527.0,191.0
9,166,-49.0,525.0,197.0
9,167,-49.0,524.0,203.0
9,168,-49.0,522.0,209.0
9,169,-49.0,521.0,215.0
9,170,-49.0,519.0,220.0
9,171,-49.0,518.0,226.0
9,172,-49.0,516.0,232.0
9,173,-48.0,515.0,237.0
9,174,-47.0,514.0,243.0
9,175,-46.0,512.0,249.0
9,176,-45.0,511.0,254.0
9,177,-44.0,510.0,260.0
9,178,-44.0,509.0,265.0
9,179,-42.0,508.0,271.0
9,180,-40.0,507.0,276.0
9,181,-38.0,506.0,281.0
9,182,-36.0,505.0,287.0
9,183,-34.0,504.0,292.0
9,184,-32.0,503.0,297.0
9,185,-26.0,502.0,308.0
9,186,-22.0,501.0,313.0
9,187,-19.0,501.0,317.0
9,188,-15.0,500.0,322.0
9,189,-11.0,500.0,327.0
9,190,-7.0,499.0,331.0
9,191,-3.0,499.0,336.0
9,192,1.0,499.0,340.0
9,193,6.0,498.0,344.0
9,194,11.0,498.0,348.0
9,195,15.0,498.0,351.0
9,196,21.0,498.0,355.0
9,197,27.0,497.0,358.0
9,198,33.0,497.0,362.0
9,199,39.0,496.0,365.0
9,200,46.0,496.0,368.0
9,201,52.0,495.0,371.0
9,202,59.0,494.0,374.0
9,203,65.0,494.0,377.0
9,204,72.0,492.0,380.0
9,205,79.0,491.0,382.0
9,206,86.0,490.0,385.0
9,207,93.0,488.0,387.0
9,208,100.0,487.0,390.0
9,209,107.0,485.0,392.0
9,210,114.0,483.0,394.0
9,211,121.0,482.0,396.0
9,212,129.0,480.0,397.0
9,213,136.0,478.0,399.0
9,214,142.0,476.0,400.0
9,215,150.0,474.0,401.0
9,216,157.0,471.0,402.0
9,217,163.0,469.0,403.0
9,218,170.0,467.0,403.0
9,219,177.0,465.0,403.0
9,220,185.0,463.0,403.0
9,221,191.0,461.0,403.0
9,222,198.0,459.0,402.0
9,223,205.0,457.0,401.0
9,224,212.0,455.0,400.0
9,225,218.0,453.0,399.0
9,226,224.0,451.0,397.0
9,227,231.0,449.0,395.0
9,228,238.0,448.0,393.0
9,229,244.0,447.0,391.0
9,230,250.0,445.0,388.0
9,231,256.0,444.0,385.0
9,232,262.0,443.0,381.0
9,233,268.0,442.0,377.0
9,234,274.0,442.0,373.0
9,235,280.0,441.0,369.0
9,236,286.0,441.0,364.0
9,237,291.0,441.0,359.0
9,238,297.0,441.0,354.0
9,239,302.0,441.0,349.0
9,240,307.0,441.0,343.0
9,241,312.0,442.0,337.0
9,242,316.0,443.0,331.0
9,243,321.0,444.0,324.0
9,244,325.0,445.0,318.0
9,245,329.0,446.0,311.0
9,246,332.0,448.0,304.0
9,247,336.0,450.0,297.0
9,248,338.0,452.0,290.0
9,249,342.0,454.0,283.0
9,250,343.0,456.0,275.0
9,251,346.0,458.0,268.0
9,252,348.0,461.0,261.0
9,253,350.0,463.0,253.0
9,254,352.0,466.0,246.0
9,255,353.0,468.0,239.0
9,256,354.0,471.0,231.0
9,257,355.0,473.0,224.0
9,258,357.0,476.0,216.0
9,259,358.0,478.0,209.0
9,260,359.0,480.0,202.0
9,261,359.0,483.0,194.0
9,262,360.0,485.0,187.0
9,263,360.0,488.0,180.0
9,264,360.0,490.0,173.0
9,265,360.0,492.0,166.0
9,266,360.0,495.0,159.0
9,267,360.0,497.0,152.0
9,268,360.0,499.0,146.0
9,269,360.0,501.0,139.0
9,270,359.0,504.0,133.0
9,271,358.0,506.0,126.0
9,272,357.0,508.0,120.0
9,273,356.0,510.0,114.0
9,274,354.0,515.0,102.0
9,275,352.0,517.0,96.0
9,276,350.0,519.0,91.0
9,277,349.0,521.0,85.0
9,278,347.0,523.0,80.0
9,279,344.0,525.0,75.0
9,280,343.0,528.0,70.0
9,281,340.0,530.0,65.0
9,282,338.0,532.0,60.0
9,283,335.0,534.0,56.0
9,284,332.0,537.0,51.0
9,285,329.0,539.0,47.0
9,286,327.0,541.0,43.0
9,287,323.0,543.0,39.0
9,288,320.0,545.0,35.0
9,289,316.0,548.0,31.0
9,290,313.0,550.0,28.0
9,291,310.0,552.0,24.0
9,292,305.0,554.0,21.0
9,293,302.0,556.0,18.0
9,294,298.0,558.0,15.0
9,295,294.0,560.0,12.0
9,296,290.0,562.0,10.0
9,297,286.0,564.0,7.0
9,298,282.0,565.0,5.0
9,299,278.0,567.0,2.0
9,300,274.0,569.0,0.0
9,301,270.0,570.0,-1.0
9,302,266.0,572.0,-3.0
9,303,261.0,573.0,-5.0
9,304,257.0,574.0,-7.0
9,305,254.0,576.0,-9.0
9,306,250.0,577.0,-10.0
9,307,246.0,578.0,-12.0
9,308,242.0,579.0,-13.0
9,309,239.0,579.0,-15.0
9,310,235.0,580.0,-16.0
9,311,231.0,581.0,-17.0
9,312,228.0,581.0,-18.0
9,313,225.0,582.0,-19.0
9,314,222.0,582.0,-20.0
9,315,218.0,582.0,-21.0
9,316,216.0,583.0,-22.0
9,317,213.0,583.0,-22.0
9,318,210.0,583.0,-23.0
9,319,207.0,583.0,-23.0
9,320,205.0,583.0,-24.0
9,321,202.0,583.0,-24.0
9,322,200.0,583.0,-24.0
9,323,197.0,583.0,-25.0
9,324,195.0,583.0,-25.0
9,325,192.0,583.0,-25.0
9,326,190.0,582.0,-26.0
9,327,188.0,582.0,-26.0
9,328,186.0,582.0,-26.0
9,329,184.0,582.0,-27.0
9,330,182.0,582.0,-27.0
9,331,179.0,581.0,-27.0
9,332,178.0,581.0,-28.0
9,333,176.0,581.0,-28.0
9,334,174.0,581.0,-28.0
9,335,174.0,580.0,-29.0
9,336,172.0,580.0,-29.0
9,337,171.0,580.0,-29.0
9,338,170.0,579.0,-29.0
9,339,169.0,579.0,-29.0
9,340,168.0,579.0,-30.0
9,341,168.0,578.0,-30.0
9,342,168.0,578.0,-30.0
9,343,168.0,577.0,-30.0
9,344,167.0,577.0,-30.0
9,345,167.0,577.0,-30.0
9,346,167.0,576.0,-30.0
9,347,168.0,576.0,-31.0
9,348,168.0,576.0,-31.0
9,349,168.0,575.0,-31.0
9,350,168.0,575.0,-31.0
10,0,49.0,570.0,-161.0
10,1,48.0,570.0,-161.0
10,2,48.0,570.0,-161.0
10,3,46.0,570.0,-161.0
10,4,45.0,570.0,-161.0
10,5,43.0,570.0,-161.0
10,6,42.0,570.0,-161.0
10,7,40.0,571.0,-161.0
10,8,37.0,571.0,-161.0
10,9,36.0,571.0,-161.0
10,10,34.0,571.0,-161.0
10,11,32.0,571.0,-161.0
10,12,30.0,571.0,-161.0
10,13,28.0,571.0,-161.0
10,14,27.0,570.0,-161.0
10,15,26.0,570.0,-161.0
10,16,24.0,570.0,-161.0
10,17,23.0,570.0,-161.0
10,18,21.0,570.0,-161.0
10,19,21.0,570.0,-161.0
10,20,20.0,569.0,-160.0
10,21,18.0,569.0,-160.0
10,22,17.0,569.0,-160.0
10,23,15.0,568.0,-160.0
10,24,15.0,568.0,-159.0
10,25,13.0,568.0,-159.0
10,26,12.0,567.0,-158.0
10,27,11.0,567.0,-158.0
10,28,10.0,566.0,-157.0
10,29,8.0,566.0,-156.0
10,30,6.0,565.0,-156.0
10,31,5.0,565.0,-155.0
10,32,2.0,564.0,-154.0
10,33,0.0,563.0,-152.0
10,34,-1.0,562.0,-151.0
10,35,-3.0,562.0,-150.0
10,36,-5.0,561.0,-148.0
10,37,-8.0,560.0,-147.0
10,38,-11.0,559.0,-145.0
10,39,-13.0,558.0,-143.0
10,40,-16.0,557.0,-142.0
10,41,-18.0,556.0,-140.0
10,42,-21.0,555.0,-138.0
10,43,-23.0,554.0,-135.0
10,44,-26.0,553.0,-133.0
10,45,-28.0,551.0,-131.0
10,46,-32.0,550.0,-129.0
10,47,-34.0,549.0,-126.0
10,48,-37.0,547.0,-124.0
10,49,-39.0,546.0,-121.0
10,50,-42.0,544.0,-118.0
10,51,-44.0,543.0,-115.0
10,52,-47.0,541.0,-112.0
10,53,-49.0,540.0,-110.0
10,54,-52.0,538.0,-107.0
10,55,-55.0,537.0,-103.0
10,56,-57.0,535.0,-100.0
10,57,-60.0,534.0,-97.0
10,58,-62.0,532.0,-94.0
10,59,-64.0,530.0,-91.0
10,60,-66.0,529.0,-87.0
10,61,-68.0,527.0,-84.0
10,62,-71.0,526.0,-81.0
10,63,-72.0,524.0,-77.0
10,64,-74.0,523.0,-73.0
10,65,-76.0,521.0,-70.0
10,66,-77.0,520.0,-66.0
10,67,-79.0,519.0,-62.0
10,68,-81.0,517.0,-59.0
10,69,-82.0,516.0,-55.0
10,70,-83.0,515.0,-51.0
10,71,-85.0,514.0,-46.0
10,72,-86.0,513.0,-42.0
10,73,-87.0,511.0,-38.0
10,74,-87.0,511.0,-34.0
10,75,-88.0,510.0,-29.0
10,76,-89.0,509.0,-25.0
10,77,-90.0,508.0,-20.0
10,78,-91.0,507.0,-15.0
10,79,-92.0,506.0,-11.0
10,80,-93.0,506.0,-6.0
10,81,-93.0,505.0,-1.0
10,82,-93.0,505.0,3.0
10,83,-93.0,504.0,8.0
10,84,-93.0,504.0,13.0
10,85,-94.0,504.0,19.0
10,86,-94.0,503.0,30.0
10,87,-94.0,503.0,35.0
10,88,-94.0,503.0,41.0
10,89,-93.0,502.0,47.0
10,90,-93.0,502.0,53.0
10,91,-93.0,502.0,58.0
10,92,-93.0,502.0,64.0
10,93,-93.0,502.0,70.0
10,94,-92.0,502.0,77.0
10,95,-92.0,502.0,83.0
10,96,-91.0,502.0,89.0
10,97,-90.0,502.0,96.0
10,98,-89.0,502.0,102.0
10,99,-87.0,502.0,109.0
10,100,-87.0,502.0,115.0
10,101,-86.0,502.0,122.0
10,102,-84.0,502.0,129.0
10,103,-83.0,502.0,136.0
10,104,-82.0,502.0,143.0
10,105,-80.0,502.0,150.0
10,106,-78.0,502.0,157.0
10,107,-76.0,502.0,164.0
10,108,-75.0,502.0,171.0
10,109,-73.0,502.0,178.0
10,110,-71.0,502.0,185.0
10,111,-68.0,502.0,193.0
10,112,-66.0,502.0,200.0
10,113,-64.0,502.0,207.0
10,114,-60.0,502.0,214.0
10,115,-58.0,501.0,221.0
10,116,-55.0,501.0,228.0
10,117,-52.0,501.0,235.0
10,118,-49.0,501.0,242.0
10,119,-44.0,501.0,248.0
10,120,-41.0,501.0,255.0
10,121,-37.0,501.0,261.0
10,122,-33.0,501.0,267.0
10,123,-28.0,500.0,273.0
10,124,-24.0,500.0,278.0
10,125,-19.0,500.0,284.0
10,126,-15.0,500.0,289.0
10,127,-10.0,500.0,293.0
10,128,-5.0,500.0,298.0
10,129,0.0,500.0,302.0
10,130,5.0,500.0,307.0
10,131,10.0,500.0,311.0
10,132,15.0,500.0,315.0
10,133,20.0,500.0,318.0
10,134,25.0,499.0,321.0
10,135,30.0,499.0,325.0
10,136,35.0,499.0,328.0
10,137,40.0,498.0,331.0
10,138,45.0,498.0,333.0
10,139,50.0,497.0,336.0
10,140,54.0,497.0,338.0
10,141,59.0,497.0,340.0
10,142,64.0,496.0,342.0
10,143,68.0,496.0,344.0
10,144,72.0,495.0,345.0
10,145,76.0,495.0,347.0
10,146,80.0,495.0,348.0
10,147,84.0,495.0,348.0
10,148,88.0,495.0,349.0
10,149,92.0,495.0,349.0
10,150,95.0,495.0,349.0
10,151,99.0,495.0,349.0
10,152,103.0,496.0,349.0
10,153,106.0,496.0,348.0
10,154,109.0,496.0,347.0
10,155,112.0,497.0,346.0
10,156,115.0,497.0,345.0
10,157,119.0,498.0,344.0
10,158,121.0,499.0,343.0
10,159,124.0,499.0,342.0
10,160,127.0,500.0,340.0
10,161,130.0,501.0,339.0
10,162,132.0,501.0,337.0
10,163,135.0,502.0,336.0
10,164,138.0,503.0,334.0
10,165,141.0,503.0,332.0
10,166,142.0,504.0,331.0
10,167,145.0,505.0,329.0
10,168,147.0,506.0,327.0
10,169,150.0,507.0,325.0
10,170,152.0,507.0,323.0
10,171,154.0,508.0,321.0
10,172,156.0,509.0,318.0
10,173,158.0,510.0,316.0
10,174,160.0,511.0,314.0
10,175,162.0,512.0,312.0
10,176,164.0,513.0,310.0
10,177,166.0,513.0,307.0
10,178,168.0,514.0,305.0
10,179,169.0,515.0,303.0
10,180,171.0,516.0,301.0
10,181,174.0,516.0,299.0
10,182,175.0,517.0,296.0
10,183,177.0,518.0,294.0
10,184,179.0,518.0,292.0
10,185,181.0,519.0,289.0
10,186,184.0,519.0,287.0
10,187,185.0,520.0,285.0
10,188,187.0,520.0,282.0
10,189,190.0,520.0,280.0
10,190,191.0,521.0,277.0
10,191,193.0,521.0,275.0
10,192,196.0,521.0,272.0
10,193,197.0,522.0,270.0
10,194,200.0,522.0,267.0
10,195,201.0,522.0,265.0
10,196,204.0,522.0,262.0
10,197,207.0,522.0,259.0
10,198,208.0,522.0,257.0
10,199,211.0,522.0,254.0
10,200,213.0,522.0,251.0
10,201,216.0,522.0,249.0
10,202,218.0,522.0,246.0
10,203,221.0,522.0,243.0
10,204,223.0,522.0,240.0
10,205,227.0,521.0,237.0
10,206,229.0,521.0,234.0
10,207,232.0,520.0,231.0
10,208,235.0,520.0,228.0
10,209,238.0,519.0,225.0
10,210,244.0,518.0,218.0
10,211,246.0,518.0,215.0
10,212,249.0,517.0,212.0
10,213,251.0,517.0,209.0
10,214,254.0,516.0,206.0
10,215,256.0,516.0,202.0
10,216,258.0,515.0,199.0
10,217,261.0,515.0,196.0
10,218,262.0,514.0,192.0
10,219,264.0,514.0,189.0
10,220,267.0,514.0,185.0
10,221,268.0,513.0,182.0
10,222,270.0,513.0,178.0
10,223,271.0,513.0,175.0
10,224,272.0,513.0,171.0
10,225,274.0,512.0,168.0
10,226,276.0,512.0,164.0
10,227,277.0,512.0,160.0
10,228,278.0,512.0,156.0
10,229,279.0,511.0,152.0
10,230,281.0,511.0,148.0
10,231,282.0,511.0,144.0
10,232,283.0,511.0,140.0
10,233,284.0,511.0,135.0
10,234,285.0,511.0,131.0
10,235,286.0,511.0,126.0
10,236,287.0,511.0,121.0
10,237,289.0,510.0,116.0
10,238,289.0,510.0,111.0
10,239,290.0,510.0,106.0
10,240,291.0,510.0,100.0
10,241,292.0,510.0,95.0
10,242,293.0,510.0,89.0
10,243,294.0,510.0,83.0
10,244,294.0,509.0,77.0
10,245,294.0,509.0,71.0
10,246,294.0,509.0,65.0
10,247,295.0,509.0,59.0
10,248,295.0,509.0,53.0
10,249,295.0,509.0,46.0
10,250,295.0,509.0,40.0
10,251,295.0,509.0,33.0
10,252,294.0,509.0,27.0
10,253,294.0,509.0,20.0
10,254,294.0,509.0,13.0
10,255,293.0,509.0,6.0
10,256,292.0,509.0,0.0
10,257,291.0,509.0,-6.0
10,258,289.0,509.0,-13.0
10,259,289.0,509.0,-20.0
10,260,284.0,509.0,-33.0
10,261,283.0,509.0,-40.0
10,262,280.0,510.0,-47.0
10,263,278.0,510.0,-53.0
10,264,275.0,510.0,-60.0
10,265,272.0,511.0,-66.0
10,266,269.0,511.0,-72.0
10,267,266.0,511.0,-78.0
10,268,262.0,512.0,-84.0
10,269,259.0,512.0,-90.0
10,270,256.0,512.0,-95.0
10,271,252.0,513.0,-100.0
10,272,249.0,513.0,-105.0
10,273,245.0,513.0,-109.0
10,274,241.0,514.0,-113.0
10,275,237.0,514.0,-117.0
10,276,233.0,514.0,-120.0
10,277,228.0,515.0,-124.0
10,278,225.0,515.0,-126.0
10,279,221.0,515.0,-129.0
10,280,217.0,515.0,-132.0
10,281,212.0,516.0,-134.0
10,282,207.0,516.0,-136.0
10,283,203.0,516.0,-138.0
10,284,198.0,516.0,-140.0
10,285,194.0,516.0,-142.0
10,286,189.0,516.0,-144.0
10,287,185.0,516.0,-146.0
10,288,179.0,516.0,-148.0
10,289,174.0,516.0,-150.0
10,290,169.0,516.0,-151.0
10,291,164.0,516.0,-153.0
10,292,159.0,516.0,-155.0
10,293,154.0,515.0,-156.0
10,294,149.0,515.0,-158.0
10,295,144.0,514.0,-159.0
10,296,139.0,514.0,-161.0
10,297,135.0,513.0,-162.0
10,298,130.0,513.0,-163.0
10,299,125.0,512.0,-165.0
10,300,120.0,511.0,-166.0
10,301,115.0,510.0,-167.0
10,302,106.0,508.0,-169.0
10,303,102.0,507.0,-170.0
10,304,97.0,506.0,-170.0
10,305,93.0,505.0,-171.0
10,306,89.0,504.0,-171.0
10,307,86.0,503.0,-172.0
10,308,82.0,502.0,-172.0
10,309,78.0,501.0,-172.0
10,310,75.0,500.0,-173.0
10,311,72.0,499.0,-173.0
10,312,69.0,498.0,-172.0
10,313,66.0,497.0,-172.0
10,314,64.0,496.0,-172.0
10,315,61.0,495.0,-172.0
10,316,59.0,494.0,-172.0
10,317,56.0,493.0,-172.0
10,318,54.0,492.0,-172.0
10,319,52.0,491.0,-172.0
10,320,50.0,490.0,-172.0
10,321,48.0,489.0,-172.0
10,322,47.0,488.0,-172.0
10,323,45.0,487.0,-172.0
10,324,44.0,486.0,-172.0
10,325,43.0,485.0,-172.0
10,326,41.0,484.0,-172.0
10,327,40.0,483.0,-172.0
10,328,38.0,482.0,-172.0
10,329,37.0,482.0,-172.0
10,330,37.0,481.0,-171.0
10,331,35.0,480.0,-171.0
10,332,34.0,480.0,-171.0
10,333,33.0,479.0,-171.0
10,334,32.0,478.0,-171.0
10,335,31.0,478.0,-171.0
10,336,30.0,477.0,-171.0
10,337,30.0,477.0,-171.0
10,338,29.0,477.0,-170.0
10,339,28.0,476.0,-170.0
10,340,28.0,476.0,-170.0
10,341,27.0,476.0,-169.0
10,342,27.0,476.0,-169.0
10,343,27.0,476.0,-168.0
10,344,27.0,476.0,-168.0
10,345,27.0,475.0,-167.0
10,346,28.0,475.0,-167.0
10,347,28.0,475.0,-166.0
10,348,28.0,475.0,-166.0
10,349,28.0,475.0,-165.0
10,350,29.0,475.0,-164.0
10,351,29.0,475.0,-164.0
10,352,29.0,476.0,-163.0
10,353,30.0,476.0,-163.0
10,354,30.0,476.0,-162.0
10,355,31.0,476.0,-162.0
10,356,31.0,476.0,-161.0
10,357,31.0,476.0,-161.0
10,358,32.0,476.0,-160.0
10,359,32.0,476.0,-160.0
10,360,32.0,477.0,-159.0
10,361,32.0,477.0,-159.0
10,362,32.0,477.0,-159.0
10,363,32.0,477.0,-159.0
10,364,32.0,477.0,-159.0
10,365,33.0,477.0,-159.0
10,366,33.0,477.0,-159.0
10,367,33.0,477.0,-159.0
10,368,33.0,477.0,-159.0
10,369,33.0,477.0,-159.0
10,370,33.0,477.0,-159.0
10,371,34.0,477.0,-160.0
10,372,34.0,477.0,-160.0
10,373,34.0,477.0,-161.0
10,374,34.0,477.0,-161.0
10,375,34.0,477.0,-162.0
10,376,34.0,477.0,-162.0
10,377,34.0,477.0,-163.0
10,378,34.0,477.0,-164.0
10,379,34.0,477.0,-165.0
10,380,34.0,477.0,-165.0
10,381,34.0,477.0,-166.0
10,382,34.0,477.0,-167.0
10,383,34.0,477.0,-168.0
10,384,34.0,477.0,-169.0
10,385,34.0,477.0,-169.0
10,386,35.0,477.0,-170.0
10,387,35.0,477.0,-171.0
10,388,35.0,477.0,-171.0
10,389,36.0,477.0,-172.0
10,390,36.0,477.0,-172.0
10,391,37.0,477.0,-172.0
10,392,37.0,478.0,-172.0
10,393,38.0,478.0,-173.0
10,394,38.0,478.0,-173.0
10,395,39.0,478.0,-173.0
10,396,40.0,479.0,-173.0
10,397,42.0,479.0,-172.0
10,398,43.0,479.0,-172.0
10,399,43.0,480.0,-172.0
10,400,44.0,480.0,-172.0
10,401,46.0,481.0,-171.0
10,402,47.0,481.0,-171.0
10,403,48.0,481.0,-171.0
10,404,48.0,482.0,-170.0
10,405,50.0,482.0,-170.0
10,406,51.0,483.0,-169.0
10,407,52.0,483.0,-168.0
10,408,54.0,484.0,-168.0
10,409,54.0,484.0,-167.0
10,410,55.0,485.0,-166.0
10,411,57.0,485.0,-166.0
10,412,58.0,486.0,-165.0
11,0,-6.0,534.0,-98.0
11,1,-6.0,534.0,-98.0
11,2,-6.0,534.0,-98.0
11,3,-6.0,534.0,-98.0
11,4,-6.0,534.0,-98.0
11,5,-6.0,534.0,-98.0
11,6,-6.0,534.0,-98.0
11,7,-6.0,534.0,-98.0
11,8,-7.0,534.0,-98.0
11,9,-7.0,534.0,-98.0
11,10,-7.0,534.0,-98.0
11,11,-8.0,534.0,-98.0
11,12,-9.0,534.0,-98.0
11,13,-9.0,534.0,-98.0
11,14,-10.0,534.0,-98.0
11,15,-11.0,534.0,-98.0
11,16,-12.0,534.0,-98.0
11,17,-14.0,534.0,-98.0
11,18,-16.0,534.0,-98.0
11,19,-18.0,534.0,-97.0
11,20,-21.0,533.0,-97.0
11,21,-23.0,533.0,-97.0
11,22,-26.0,533.0,-97.0
11,23,-29.0,533.0,-96.0
11,24,-33.0,532.0,-96.0
11,25,-37.0,532.0,-95.0
11,26,-40.0,531.0,-95.0
11,27,-44.0,531.0,-94.0
11,28,-48.0,530.0,-94.0
11,29,-50.0,530.0,-93.0
11,30,-53.0,530.0,-92.0
11,31,-55.0,529.0,-91.0
11,32,-57.0,529.0,-90.0
11,33,-58.0,529.0,-88.0
11,34,-60.0,529.0,-86.0
11,35,-60.0,529.0,-84.0
11,36,-61.0,529.0,-82.0
11,37,-62.0,529.0,-80.0
11,38,-62.0,529.0,-77.0
11,39,-62.0,529.0,-75.0
11,40,-62.0,529.0,-69.0
11,41,-62.0,529.0,-66.0
11,42,-63.0,529.0,-63.0
11,43,-63.0,529.0,-60.0
11,44,-63.0,529.0,-57.0
11,45,-64.0,529.0,-53.0
11,46,-64.0,529.0,-50.0
11,47,-64.0,529.0,-46.0
11,48,-65.0,529.0,-43.0
11,49,-65.0,529.0,-39.0
11,50,-66.0,528.0,-36.0
11,51,-66.0,528.0,-32.0
11,52,-66.0,527.0,-29.0
11,53,-67.0,527.0,-25.0
11,54,-68.0,526.0,-21.0
11,55,-69.0,526.0,-18.0
11,56,-70.0,525.0,-14.0
11,57,-71.0,524.0,-10.0
11,58,-71.0,524.0,-6.0
11,59,-72.0,523.0,-3.0
11,60,-74.0,522.0,0.0
11,61,-75.0,521.0,4.0
11,62,-76.0,520.0,8.0
11,63,-76.0,519.0,12.0
11,64,-77.0,518.0,16.0
11,65,-78.0,517.0,20.0
11,66,-79.0,516.0,24.0
11,67,-80.0,515.0,28.0
11,68,-81.0,514.0,33.0
11,69,-82.0,513.0,37.0
11,70,-82.0,513.0,42.0
11,71,-82.0,512.0,47.0
11,72,-82.0,511.0,52.0
11,73,-82.0,510.0,57.0
11,74,-82.0,509.0,62.0
11,75,-82.0,508.0,67.0
11,76,-82.0,507.0,73.0
11,77,-82.0,507.0,78.0
11,78,-82.0,506.0,84.0
11,79,-81.0,505.0,90.0
11,80,-80.0,504.0,96.0
11,81,-79.0,503.0,102.0
11,82,-77.0,502.0,108.0
11,83,-76.0,502.0,114.0
11,84,-75.0,501.0,121.0
11,85,-74.0,500.0,127.0
11,86,-72.0,499.0,134.0
11,87,-71.0,498.0,140.0
11,88,-69.0,497.0,147.0
11,89,-67.0,496.0,154.0
11,90,-66.0,495.0,160.0
11,91,-64.0,494.0,167.0
11,92,-62.0,493.0,174.0
11,93,-60.0,492.0,181.0
11,94,-55.0,490.0,195.0
11,95,-53.0,489.0,202.0
11,96,-50.0,487.0,209.0
11,97,-47.0,486.0,215.0
11,98,-44.0,485.0,222.0
11,99,-41.0,484.0,229.0
11,100,-38.0,483.0,235.0
11,101,-34.0,482.0,242.0
11,102,-31.0,481.0,248.0
11,103,-27.0,480.0,254.0
11,104,-22.0,479.0,260.0
11,105,-18.0,478.0,265.0
11,106,-13.0,478.0,270.0
11,107,-8.0,477.0,275.0
11,108,-3.0,477.0,280.0
11,109,1.0,477.0,285.0
11,110,12.0,476.0,293.0
11,111,18.0,477.0,297.0
11,112,24.0,477.0,300.0
11,113,31.0,477.0,303.0
11,114,37.0,477.0,306.0
11,115,43.0,478.0,309.0
11,116,50.0,478.0,312.0
11,117,58.0,478.0,314.0
11,118,65.0,479.0,316.0
11,119,71.0,479.0,318.0
11,120,79.0,479.0,320.0
11,121,86.0,479.0,322.0
11,122,93.0,479.0,324.0
11,123,100.0,480.0,325.0
11,124,107.0,480.0,327.0
11,125,114.0,480.0,328.0
11,126,121.0,480.0,329.0
11,127,128.0,480.0,330.0
11,128,136.0,480.0,331.0
11,129,142.0,480.0,332.0
11,130,149.0,479.0,333.0
11,131,156.0,479.0,334.0
11,132,163.0,479.0,334.0
11,133,169.0,479.0,334.0
11,134,175.0,479.0,335.0
11,135,182.0,478.0,334.0
11,136,189.0,478.0,334.0
11,137,195.0,478.0,334.0
11,138,201.0,478.0,333.0
11,139,207.0,478.0,333.0
11,140,213.0,478.0,332.0
11,141,218.0,478.0,331.0
11,142,224.0,478.0,330.0
11,143,230.0,478.0,328.0
11,144,235.0,479.0,327.0
11,145,241.0,479.0,325.0
11,146,246.0,479.0,323.0
11,147,252.0,479.0,321.0
11,148,257.0,480.0,319.0
11,149,262.0,480.0,317.0
11,150,267.0,481.0,315.0
11,151,272.0,481.0,312.0
11,152,278.0,482.0,309.0
11,153,282.0,482.0,306.0
11,154,287.0,483.0,303.0
11,155,295.0,484.0,297.0
11,156,299.0,485.0,294.0
11,157,304.0,486.0,290.0
11,158,308.0,486.0,287.0
11,159,312.0,487.0,283.0
11,160,316.0,488.0,279.0
11,161,320.0,489.0,275.0
11,162,323.0,490.0,271.0
11,163,327.0,491.0,267.0
11,164,331.0,492.0,262.0
11,165,333.0,493.0,258.0
11,166,337.0,494.0,253.0
11,167,339.0,495.0,249.0
11,168,343.0,496.0,244.0
11,169,345.0,498.0,240.0
11,170,347.0,499.0,235.0
11,171,349.0,501.0,230.0
11,172,351.0,502.0,225.0
11,173,353.0,503.0,220.0
11,174,354.0,505.0,215.0
11,175,356.0,507.0,210.0
11,176,358.0,508.0,206.0
11,177,359.0,510.0,201.0
11,178,360.0,512.0,195.0
11,179,360.0,513.0,190.0
11,180,361.0,515.0,185.0
11,181,362.0,517.0,180.0
11,182,362.0,519.0,175.0
11,183,362.0,521.0,170.0
11,184,362.0,523.0,165.0
11,185,362.0,525.0,160.0
11,186,362.0,527.0,155.0
11,187,361.0,529.0,150.0
11,188,361.0,531.0,145.0
11,189,360.0,533.0,140.0
11,190,360.0,535.0,135.0
11,191,359.0,537.0,130.0
11,192,358.0,539.0,125.0
11,193,357.0,541.0,120.0
11,194,356.0,542.0,117.0
11,195,355.0,544.0,115.0
11,196,353.0,546.0,111.0
11,197,352.0,548.0,110.0
11,198,351.0,549.0,108.0
11,199,350.0,550.0,107.0
11,200,349.0,551.0,105.0
11,201,349.0,552.0,103.0
11,202,348.0,553.0,100.0
11,203,348.0,554.0,97.0
11,204,347.0,555.0,94.0
11,205,347.0,556.0,90.0
11,206,347.0,557.0,85.0
11,207,346.0,558.0,80.0
11,208,346.0,559.0,74.0
11,209,346.0,560.0,68.0
11,210,345.0,561.0,61.0
11,211,345.0,562.0,54.0
11,212,344.0,563.0,47.0
11,213,343.0,565.0,32.0
11,214,343.0,566.0,24.0
11,215,342.0,567.0,16.0
11,216,341.0,568.0,9.0
11,217,340.0,569.0,1.0
11,218,338.0,570.0,-5.0
11,219,337.0,571.0,-12.0
11,220,334.0,573.0,-19.0
11,221,332.0,574.0,-25.0
11,222,329.0,576.0,-31.0
11,223,327.0,578.0,-37.0
11,224,323.0,580.0,-42.0
11,225,320.0,581.0,-48.0
11,226,317.0,583.0,-53.0
11,227,314.0,585.0,-58.0
11,228,310.0,587.0,-63.0
11,229,307.0,589.0,-68.0
11,230,304.0,590.0,-72.0
11,231,299.0,592.0,-77.0
11,232,296.0,593.0,-81.0
11,233,293.0,595.0,-85.0
11,234,289.0,597.0,-89.0
11,235,285.0,598.0,-93.0
11,236,282.0,600.0,-97.0
11,237,278.0,601.0,-100.0
11,238,274.0,602.0,-103.0
11,239,271.0,604.0,-106.0
11,240,267.0,605.0,-108.0
11,241,263.0,606.0,-111.0
11,242,261.0,607.0,-113.0
11,243,257.0,608.0,-115.0
11,244,255.0,609.0,-117.0
11,245,252.0,609.0,-118.0
11,246,250.0,610.0,-120.0
11,247,247.0,610.0,-121.0
11,248,245.0,610.0,-122.0
11,249,243.0,610.0,-123.0
11,250,241.0,611.0,-124.0
11,251,239.0,610.0,-125.0
11,252,238.0,610.0,-126.0
11,253,237.0,610.0,-126.0
11,254,236.0,609.0,-126.0
11,255,235.0,609.0,-126.0
11,256,234.0,608.0,-127.0
11,257,231.0,607.0,-128.0
11,258,229.0,607.0,-129.0
11,259,227.0,607.0,-130.0
11,260,224.0,606.0,-131.0
11,261,222.0,606.0,-133.0
11,262,219.0,606.0,-134.0
11,263,217.0,606.0,-135.0
11,264,214.0,605.0,-136.0
11,265,212.0,605.0,-137.0
11,266,208.0,605.0,-139.0
11,267,206.0,604.0,-141.0
11,268,203.0,604.0,-142.0
11,269,201.0,603.0,-144.0
11,270,197.0,603.0,-145.0
11,271,195.0,602.0,-145.0
11,272,192.0,602.0,-146.0
11,273,189.0,601.0,-147.0
11,274,185.0,601.0,-148.0
11,275,182.0,600.0,-149.0
11,276,178.0,600.0,-150.0
11,277,174.0,600.0,-151.0
11,278,169.0,599.0,-152.0
11,279,164.0,599.0,-152.0
11,280,160.0,598.0,-153.0
11,281,155.0,598.0,-153.0
11,282,151.0,597.0,-154.0
11,283,147.0,596.0,-154.0
11,284,141.0,595.0,-155.0
11,285,137.0,594.0,-156.0
11,286,133.0,593.0,-156.0
11,287,129.0,592.0,-157.0
11,288,125.0,591.0,-157.0
11,289,120.0,590.0,-157.0
11,290,116.0,588.0,-157.0
11,291,112.0,587.0,-157.0
11,292,107.0,586.0,-157.0
11,293,103.0,584.0,-157.0
11,294,97.0,583.0,-157.0
11,295,93.0,581.0,-157.0
11,296,88.0,579.0,-157.0
11,297,84.0,578.0,-156.0
11,298,79.0,576.0,-156.0
11,299,75.0,574.0,-156.0
11,300,70.0,572.0,-155.0
11,301,65.0,571.0,-155.0
11,302,60.0,569.0,-155.0
11,303,56.0,567.0,-155.0
11,304,51.0,565.0,-154.0
11,305,47.0,562.0,-154.0
11,306,43.0,560.0,-154.0
11,307,39.0,558.0,-153.0
11,308,36.0,556.0,-153.0
11,309,32.0,554.0,-152.0
11,310,29.0,552.0,-152.0
11,311,26.0,550.0,-151.0
11,312,23.0,548.0,-150.0
11,313,21.0,546.0,-149.0
11,314,19.0,544.0,-149.0
11,315,17.0,542.0,-148.0
11,316,15.0,541.0,-146.0
11,317,12.0,537.0,-144.0
11,318,12.0,536.0,-143.0
11,319,11.0,534.0,-142.0
11,320,11.0,533.0,-141.0
11,321,10.0,532.0,-140.0
11,322,10.0,531.0,-139.0
11,323,10.0,529.0,-138.0
11,324,10.0,528.0,-137.0
11,325,10.0,527.0,-136.0
11,326,10.0,526.0,-135.0
11,327,10.0,525.0,-135.0
11,328,10.0,524.0,-134.0
11,329,10.0,523.0,-134.0
11,330,10.0,522.0,-133.0
11,331,10.0,521.0,-133.0
11,332,10.0,520.0,-133.0
11,333,10.0,519.0,-133.0
11,334,9.0,518.0,-133.0
11,335,9.0,518.0,-133.0
11,336,8.0,517.0,-133.0
11,337,7.0,516.0,-133.0
11,338,6.0,515.0,-133.0
11,339,5.0,514.0,-133.0
11,340,4.0,513.0,-133.0
11,341,3.0,513.0,-133.0
11,342,2.0,512.0,-133.0
11,343,0.0,511.0,-133.0
11,344,0.0,510.0,-134.0
11,345,0.0,510.0,-134.0
11,346,-1.0,509.0,-134.0
11,347,-2.0,509.0,-134.0
11,348,-2.0,508.0,-135.0
11,349,-3.0,508.0,-135.0
11,350,-3.0,507.0,-135.0
11,351,-4.0,507.0,-135.0
11,352,-4.0,507.0,-135.0
11,353,-4.0,506.0,-136.0
11,354,-4.0,506.0,-136.0
11,355,-4.0,506.0,-136.0
11,356,-3.0,506.0,-136.0
11,357,-3.0,506.0,-136.0
11,358,-2.0,506.0,-136.0
11,359,-1.0,507.0,-136.0
11,360,0.0,507.0,-136.0
11,361,0.0,507.0,-136.0
11,362,0.0,507.0,-135.0
11,363,1.0,507.0,-135.0
11,364,2.0,508.0,-135.0
11,365,3.0,508.0,-135.0
11,366,4.0,508.0,-135.0
11,367,5.0,509.0,-135.0
11,368,6.0,509.0,-135.0
11,369,8.0,510.0,-135.0
11,370,10.0,510.0,-134.0
11,371,10.0,510.0,-134.0
11,372,12.0,511.0,-134.0
11,373,13.0,511.0,-134.0
11,374,14.0,512.0,-133.0
11,375,15.0,512.0,-133.0
11,376,17.0,513.0,-133.0
11,377,18.0,513.0,-132.0
11,378,20.0,514.0,-132.0
11,379,21.0,515.0,-132.0
11,380,22.0,515.0,-132.0
11,381,24.0,516.0,-131.0
11,382,26.0,516.0,-131.0
11,383,27.0,517.0,-131.0
11,384,28.0,518.0,-131.0
11,385,30.0,518.0,-130.0
11,386,32.0,519.0,-130.0
11,387,33.0,520.0,-130.0
11,388,35.0,520.0,-130.0
11,389,37.0,521.0,-130.0
11,390,41.0,523.0,-129.0
11,391,43.0,523.0,-129.0
11,392,44.0,524.0,-129.0
11,393,47.0,525.0,-129.0
11,394,48.0,526.0,-129.0
11,395,51.0,526.0,-129.0
12,0,81.0,563.0,-168.0
12,1,80.0,564.0,-167.0
12,2,79.0,565.0,-166.0
12,3,78.0,565.0,-165.0
12,4,77.0,566.0,-164.0
12,5,76.0,566.0,-163.0
12,6,76.0,567.0,-163.0
12,7,76.0,567.0,-162.0
12,8,76.0,567.0,-161.0
12,9,76.0,568.0,-160.0
12,10,75.0,568.0,-160.0
12,11,75.0,568.0,-159.0
12,12,75.0,568.0,-158.0
12,13,75.0,569.0,-158.0
12,14,74.0,569.0,-157.0
12,15,74.0,569.0,-156.0
12,16,73.0,569.0,-156.0
12,17,72.0,569.0,-155.0
12,18,70.0,569.0,-154.0
12,19,70.0,570.0,-154.0
12,20,67.0,570.0,-153.0
12,21,65.0,570.0,-152.0
12,22,63.0,570.0,-152.0
12,23,61.0,570.0,-151.0
12,24,58.0,570.0,-150.0
12,25,55.0,569.0,-149.0
12,26,52.0,569.0,-148.0
12,27,49.0,569.0,-147.0
12,28,46.0,569.0,-146.0
12,29,43.0,568.0,-145.0
12,30,39.0,568.0,-143.0
12,31,37.0,567.0,-142.0
12,32,33.0,567.0,-140.0
12,33,30.0,566.0,-138.0
12,34,26.0,566.0,-136.0
12,35,24.0,565.0,-134.0
12,36,17.0,564.0,-128.0
12,37,14.0,563.0,-126.0
12,38,11.0,562.0,-123.0
12,39,8.0,561.0,-120.0
12,40,5.0,560.0,-117.0
12,41,1.0,559.0,-113.0
12,42,-1.0,558.0,-110.0
12,43,-5.0,557.0,-106.0
12,44,-8.0,556.0,-103.0
12,45,-11.0,555.0,-99.0
12,46,-15.0,553.0,-96.0
12,47,-19.0,552.0,-92.0
12,48,-22.0,551.0,-89.0
12,49,-26.0,549.0,-85.0
12,50,-29.0,547.0,-82.0
12,51,-32.0,546.0,-79.0
12,52,-35.0,544.0,-75.0
12,53,-38.0,543.0,-72.0
12,54,-42.0,541.0,-68.0
12,55,-44.0,539.0,-65.0
12,56,-47.0,538.0,-61.0
12,57,-50.0,536.0,-58.0
12,58,-53.0,534.0,-54.0
12,59,-55.0,533.0,-51.0
12,60,-57.0,531.0,-47.0
12,61,-60.0,530.0,-44.0
12,62,-61.0,528.0,-40.0
12,63,-63.0,527.0,-36.0
12,64,-66.0,525.0,-33.0
12,65,-67.0,524.0,-29.0
12,66,-69.0,522.0,-25.0
12,67,-70.0,521.0,-21.0
12,68,-71.0,520.0,-17.0
12,69,-72.0,519.0,-13.0
12,70,-74.0,518.0,-9.0
12,71,-75.0,517.0,-4.0
12,72,-76.0,516.0,0.0
12,73,-76.0,515.0,4.0
12,74,-77.0,514.0,8.0
12,75,-78.0,513.0,13.0
12,76,-79.0,512.0,18.0
12,77,-80.0,511.0,23.0
12,78,-81.0,510.0,28.0
12,79,-81.0,510.0,33.0
12,80,-82.0,509.0,39.0
12,81,-82.0,508.0,44.0
12,82,-82.0,508.0,50.0
12,83,-82.0,507.0,55.0
12,84,-82.0,506.0,61.0
12,85,-82.0,506.0,67.0
12,86,-82.0,505.0,73.0
12,87,-82.0,504.0,79.0
12,88,-82.0,504.0,85.0
12,89,-82.0,503.0,91.0
12,90,-82.0,502.0,97.0
12,91,-82.0,502.0,103.0
12,92,-82.0,501.0,109.0
12,93,-81.0,500.0,116.0
12,94,-80.0,500.0,122.0
12,95,-79.0,499.0,129.0
12,96,-78.0,498.0,135.0
12,97,-77.0,497.0,142.0
12,98,-76.0,497.0,149.0
12,99,-75.0,496.0,155.0
12,100,-73.0,495.0,162.0
12,101,-71.0,494.0,169.0
12,102,-70.0,493.0,176.0
12,103,-68.0,492.0,183.0
12,104,-66.0,491.0,190.0
12,105,-65.0,490.0,197.0
12,106,-62.0,489.0,203.0
12,107,-60.0,488.0,210.0
12,108,-58.0,487.0,217.0
12,109,-55.0,486.0,223.0
12,110,-53.0,485.0,230.0
12,111,-50.0,484.0,236.0
12,112,-48.0,483.0,242.0
12,113,-44.0,482.0,248.0
12,114,-41.0,481.0,254.0
12,115,-38.0,481.0,260.0
12,116,-34.0,480.0,265.0
12,117,-31.0,479.0,270.0
12,118,-27.0,479.0,275.0
12,119,-22.0,478.0,280.0
12,120,-18.0,478.0,284.0
12,121,-13.0,478.0,289.0
12,122,-8.0,478.0,293.0
12,123,-3.0,477.0,297.0
12,124,1.0,477.0,300.0
12,125,6.0,477.0,304.0
12,126,11.0,477.0,307.0
12,127,15.0,477.0,311.0
12,128,21.0,477.0,314.0
12,129,26.0,476.0,317.0
12,130,32.0,476.0,320.0
12,131,37.0,476.0,323.0
12,132,43.0,475.0,326.0
12,133,48.0,475.0,329.0
12,134,53.0,474.0,331.0
12,135,58.0,474.0,334.0
12,136,63.0,473.0,336.0
12,137,68.0,473.0,338.0
12,138,78.0,472.0,342.0
12,139,83.0,471.0,344.0
12,140,88.0,471.0,346.0
12,141,93.0,470.0,348.0
12,142,98.0,469.0,349.0
12,143,103.0,468.0,351.0
12,144,108.0,468.0,352.0
12,145,114.0,467.0,354.0
12,146,119.0,466.0,355.0
12,147,125.0,465.0,356.0
12,148,130.0,464.0,357.0
12,149,135.0,463.0,358.0
12,150,140.0,462.0,359.0
12,151,145.0,461.0,360.0
12,152,150.0,460.0,361.0
12,153,156.0,459.0,362.0
12,154,161.0,457.0,362.0
12,155,166.0,456.0,363.0
12,156,171.0,455.0,363.0
12,157,175.0,454.0,364.0
12,158,180.0,452.0,364.0
12,159,185.0,451.0,364.0
12,160,190.0,450.0,364.0
12,161,195.0,449.0,364.0
12,162,199.0,448.0,364.0
12,163,203.0,447.0,364.0
12,164,207.0,446.0,364.0
12,165,212.0,445.0,363.0
12,166,216.0,444.0,363.0
12,167,220.0,443.0,362.0
12,168,224.0,442.0,361.0
12,169,228.0,441.0,361.0
12,170,232.0,440.0,360.0
12,171,235.0,440.0,359.0
12,172,239.0,439.0,358.0
12,173,243.0,439.0,357.0
12,174,246.0,439.0,355.0
12,175,250.0,438.0,354.0
12,176,253.0,438.0,352.0
12,177,257.0,438.0,350.0
12,178,261.0,438.0,348.0
12,179,264.0,438.0,345.0
12,180,268.0,438.0,343.0
12,181,272.0,438.0,340.0
12,182,275.0,438.0,337.0
12,183,279.0,439.0,334.0
12,184,283.0,439.0,331.0
12,185,287.0,439.0,327.0
12,186,291.0,440.0,324.0
12,187,294.0,440.0,320.0
12,188,299.0,440.0,316.0
12,189,302.0,440.0,312.0
12,190,306.0,441.0,308.0
12,191,310.0,441.0,304.0
12,192,314.0,441.0,300.0
12,193,317.0,441.0,295.0
12,194,321.0,441.0,291.0
12,195,325.0,442.0,286.0
12,196,328.0,442.0,282.0
12,197,332.0,442.0,277.0
12,198,336.0,442.0,272.0
12,199,339.0,442.0,267.0
12,200,343.0,442.0,262.0
12,201,346.0,443.0,257.0
12,202,349.0,443.0,252.0
12,203,352.0,443.0,246.0
12,204,355.0,444.0,241.0
12,205,358.0,444.0,235.0
12,206,364.0,445.0,223.0
12,207,366.0,446.0,217.0
12,208,369.0,447.0,210.0
12,209,371.0,448.0,204.0
12,210,374.0,448.0,198.0
12,211,376.0,449.0,191.0
12,212,377.0,450.0,184.0
12,213,379.0,451.0,177.0
12,214,381.0,452.0,170.0
12,215,382.0,454.0,163.0
12,216,383.0,455.0,156.0
12,217,385.0,456.0,149.0
12,218,385.0,458.0,141.0
12,219,386.0,459.0,134.0
12,220,387.0,461.0,126.0
12,221,387.0,462.0,118.0
12,222,387.0,464.0,111.0
12,223,387.0,465.0,103.0
12,224,387.0,467.0,95.0
12,225,387.0,469.0,88.0
12,226,386.0,470.0,80.0
12,227,384.0,473.0,64.0
12,228,384.0,475.0,56.0
12,229,383.0,476.0,49.0
12,230,381.0,477.0,41.0
12,231,381.0,479.0,33.0
12,232,380.0,480.0,25.0
12,233,378.0,481.0,18.0
12,234,376.0,482.0,10.0
12,235,375.0,484.0,2.0
12,236,371.0,486.0,-12.0
12,237,370.0,487.0,-19.0
12,238,368.0,488.0,-27.0
12,239,365.0,489.0,-34.0
12,240,363.0,489.0,-42.0
12,241,361.0,490.0,-49.0
12,242,359.0,491.0,-56.0
12,243,355.0,492.0,-63.0
12,244,353.0,493.0,-70.0
12,245,350.0,493.0,-76.0
12,246,347.0,494.0,-83.0
12,247,343.0,495.0,-89.0
12,248,340.0,496.0,-95.0
12,249,336.0,497.0,-101.0
12,250,332.0,498.0,-106.0
12,251,327.0,499.0,-112.0
12,252,323.0,500.0,-117.0
12,253,319.0,501.0,-123.0
12,254,314.0,502.0,-128.0
12,255,309.0,503.0,-132.0
12,256,305.0,504.0,-137.0
12,257,299.0,505.0,-141.0
12,258,294.0,506.0,-146.0
12,259,289.0,507.0,-150.0
12,260,284.0,508.0,-154.0
12,261,279.0,508.0,-158.0
12,262,274.0,509.0,-161.0
12,263,269.0,509.0,-165.0
12,264,263.0,510.0,-169.0
12,265,258.0,510.0,-172.0
12,266,253.0,510.0,-175.0
12,267,248.0,511.0,-178.0
12,268,243.0,511.0,-181.0
12,269,237.0,511.0,-185.0
12,270,232.0,511.0,-187.0
12,271,227.0,510.0,-190.0
12,272,222.0,510.0,-193.0
12,273,217.0,510.0,-195.0
12,274,212.0,510.0,-198.0
12,275,206.0,509.0,-200.0
12,276,201.0,509.0,-202.0
12,277,196.0,508.0,-204.0
12,278,190.0,508.0,-205.0
12,279,185.0,507.0,-207.0
12,280,180.0,507.0,-208.0
12,281,174.0,506.0,-210.0
12,282,169.0,505.0,-211.0
12,283,164.0,504.0,-211.0
12,284,159.0,504.0,-212.0
12,285,154.0,503.0,-213.0
12,286,150.0,502.0,-213.0
12,287,145.0,501.0,-213.0
12,288,140.0,500.0,-213.0
12,289,136.0,499.0,-213.0
12,290,131.0,498.0,-213.0
12,291,127.0,497.0,-213.0
12,292,123.0,495.0,-213.0
12,293,119.0,494.0,-213.0
12,294,114.0,493.0,-212.0
12,295,111.0,492.0,-212.0
12,296,108.0,491.0,-211.0
12,297,104.0,489.0,-210.0
12,298,101.0,488.0,-210.0
12,299,97.0,487.0,-209.0
12,300,95.0,485.0,-208.0
12,301,92.0,484.0,-208.0
12,302,90.0,483.0,-207.0
12,303,87.0,482.0,-206.0
12,304,85.0,481.0,-205.0
12,305,83.0,480.0,-205.0
12,306,81.0,479.0,-204.0
12,307,79.0,478.0,-203.0
12,308,77.0,477.0,-203.0
12,309,76.0,476.0,-202.0
12,310,74.0,475.0,-201.0
12,311,72.0,474.0,-201.0
12,312,70.0,473.0,-200.0
12,313,69.0,472.0,-199.0
12,314,68.0,471.0,-199.0
12,315,66.0,470.0,-198.0
12,316,65.0,470.0,-198.0
12,317,65.0,469.0,-197.0
12,318,63.0,468.0,-197.0
12,319,62.0,468.0,-196.0
12,320,61.0,467.0,-195.0
12,321,59.0,466.0,-195.0
12,322,59.0,466.0,-194.0
12,323,58.0,465.0,-194.0
12,324,57.0,465.0,-193.0
12,325,56.0,464.0,-193.0
12,326,56.0,464.0,-193.0
12,327,55.0,464.0,-192.0
12,328,54.0,463.0,-192.0
12,329,54.0,463.0,-191.0
12,330,54.0,463.0,-191.0
12,331,53.0,462.0,-191.0
12,332,53.0,462.0,-191.0
12,333,52.0,462.0,-190.0
12,334,52.0,461.0,-190.0
12,335,51.0,461.0,-190.0
12,336,51.0,461.0,-190.0
12,337,51.0,461.0,-189.0
12,338,50.0,461.0,-189.0
12,339,50.0,461.0,-189.0
12,340,50.0,461.0,-189.0
12,341,50.0,461.0,-189.0
12,342,50.0,461.0,-189.0
12,343,50.0,461.0,-188.0
12,344,50.0,461.0,-188.0
12,345,50.0,461.0,-188.0
12,346,50.0,461.0,-188.0
12,347,50.0,461.0,-188.0
12,348,50.0,461.0,-188.0
12,349,51.0,461.0,-187.0
12,350,51.0,461.0,-187.0
12,351,51.0,461.0,-187.0
12,352,51.0,461.0,-187.0
12,353,51.0,461.0,-187.0
12,354,51.0,461.0,-187.0
12,355,51.0,461.0,-187.0
12,356,51.0,461.0,-186.0
12,357,51.0,461.0,-186.0
12,358,51.0,461.0,-186.0
12,359,51.0,461.0,-186.0
12,360,51.0,461.0,-186.0
12,361,51.0,461.0,-186.0
12,362,51.0,461.0,-186.0
12,363,51.0,461.0,-185.0
12,364,51.0,461.0,-185.0
12,365,51.0,461.0,-185.0
13,0,543.0,-198.0,-70.0
13,1,543.0,-198.0,-70.0
13,2,543.0,-198.0,-70.0
13,3,543.0,-198.0,-70.0
13,4,543.0,-197.0,-70.0
13,5,543.0,-197.0,-70.0
13,6,543.0,-197.0,-70.0
13,7,543.0,-197.0,-70.0
13,8,543.0,-196.0,-70.0
13,9,543.0,-196.0,-70.0
13,10,543.0,-195.0,-70.0
13,11,543.0,-195.0,-70.0
13,12,544.0,-194.0,-70.0
13,13,544.0,-193.0,-69.0
13,14,544.0,-192.0,-69.0
13,15,544.0,-191.0,-69.0
13,16,545.0,-190.0,-69.0
13,17,545.0,-188.0,-69.0
13,18,545.0,-187.0,-69.0
13,19,545.0,-185.0,-68.0
13,20,545.0,-184.0,-68.0
13,21,545.0,-182.0,-68.0
13,22,545.0,-180.0,-68.0
13,23,546.0,-179.0,-67.0
13,24,546.0,-177.0,-67.0
13,25,546.0,-175.0,-67.0
13,26,546.0,-174.0,-66.0
13,27,547.0,-172.0,-66.0
13,28,547.0,-171.0,-65.0
13,29,547.0,-169.0,-65.0
13,30,547.0,-168.0,-64.0
13,31,547.0,-167.0,-63.0
13,32,547.0,-166.0,-63.0
13,33,547.0,-165.0,-62.0
13,34,547.0,-164.0,-61.0
13,35,547.0,-163.0,-60.0
13,36,547.0,-162.0,-59.0
13,37,547.0,-161.0,-59.0
13,38,547.0,-161.0,-58.0
13,39,546.0,-161.0,-57.0
13,40,546.0,-161.0,-56.0
13,41,546.0,-161.0,-54.0
13,42,546.0,-161.0,-53.0
13,43,545.0,-162.0,-52.0
13,44,545.0,-163.0,-51.0
13,45,545.0,-164.0,-50.0
13,46,545.0,-165.0,-49.0
13,47,544.0,-167.0,-48.0
13,48,543.0,-168.0,-46.0
13,49,543.0,-170.0,-45.0
13,50,542.0,-172.0,-44.0
13,51,541.0,-175.0,-43.0
13,52,540.0,-177.0,-42.0
13,53,540.0,-180.0,-41.0
13,54,539.0,-183.0,-40.0
13,55,539.0,-186.0,-39.0
13,56,538.0,-189.0,-39.0
13,57,537.0,-192.0,-38.0
13,58,536.0,-195.0,-37.0
13,59,535.0,-198.0,-37.0
13,60,534.0,-201.0,-36.0
13,61,534.0,-204.0,-36.0
13,62,533.0,-208.0,-36.0
13,63,532.0,-211.0,-36.0
13,64,531.0,-214.0,-36.0
13,65,530.0,-218.0,-36.0
13,66,529.0,-221.0,-36.0
13,67,529.0,-224.0,-36.0
13,68,528.0,-226.0,-37.0
13,69,527.0,-232.0,-38.0
13,70,526.0,-234.0,-39.0
13,71,526.0,-237.0,-40.0
13,72,525.0,-239.0,-41.0
13,73,525.0,-241.0,-42.0
13,74,525.0,-242.0,-43.0
13,75,524.0,-244.0,-45.0
13,76,524.0,-245.0,-46.0
13,77,524.0,-247.0,-48.0
13,78,524.0,-248.0,-50.0
13,79,524.0,-249.0,-52.0
13,80,524.0,-249.0,-54.0
13,81,525.0,-250.0,-56.0
13,82,525.0,-250.0,-58.0
13,83,525.0,-250.0,-60.0
13,84,526.0,-250.0,-63.0
13,85,526.0,-250.0,-66.0
13,86,527.0,-250.0,-68.0
13,87,527.0,-249.0,-71.0
13,88,528.0,-249.0,-74.0
13,89,529.0,-248.0,-77.0
13,90,529.0,-247.0,-80.0
13,91,529.0,-246.0,-83.0
13,92,530.0,-245.0,-86.0
13,93,530.0,-244.0,-89.0
13,94,531.0,-242.0,-92.0
13,95,532.0,-241.0,-95.0
13,96,533.0,-239.0,-98.0
13,97,533.0,-237.0,-101.0
13,98,534.0,-233.0,-108.0
13,99,535.0,-231.0,-111.0
13,100,535.0,-229.0,-114.0
13,101,536.0,-226.0,-118.0
13,102,537.0,-224.0,-121.0
13,103,538.0,-222.0,-124.0
13,104,538.0,-219.0,-127.0
13,105,539.0,-217.0,-131.0
13,106,540.0,-214.0,-134.0
13,107,540.0,-211.0,-137.0
13,108,540.0,-208.0,-140.0
13,109,540.0,-205.0,-143.0
13,110,541.0,-202.0,-146.0
13,111,542.0,-198.0,-149.0
13,112,542.0,-195.0,-152.0
13,113,543.0,-192.0,-155.0
13,114,544.0,-188.0,-158.0
13,115,544.0,-184.0,-160.0
13,116,545.0,-181.0,-163.0
13,117,545.0,-177.0,-166.0
13,118,545.0,-173.0,-168.0
13,119,545.0,-168.0,-171.0
13,120,546.0,-164.0,-173.0
13,121,546.0,-160.0,-175.0
13,122,547.0,-155.0,-177.0
13,123,548.0,-151.0,-179.0
13,124,548.0,-146.0,-181.0
13,125,548.0,-142.0,-182.0
13,126,549.0,-138.0,-184.0
13,127,549.0,-133.0,-185.0
13,128,550.0,-129.0,-186.0
13,129,550.0,-124.0,-187.0
13,130,551.0,-120.0,-188.0
13,131,551.0,-116.0,-188.0
13,132,551.0,-112.0,-189.0
13,133,551.0,-107.0,-189.0
13,134,551.0,-103.0,-189.0
13,135,551.0,-99.0,-189.0
13,136,552.0,-95.0,-189.0
13,137,552.0,-91.0,-188.0
13,138,552.0,-87.0,-188.0
13,139,553.0,-83.0,-187.0
13,140,553.0,-79.0,-187.0
13,141,553.0,-75.0,-186.0
13,142,554.0,-71.0,-185.0
13,143,554.0,-67.0,-184.0
13,144,554.0,-63.0,-183.0
13,145,554.0,-59.0,-182.0
13,146,554.0,-56.0,-181.0
13,147,554.0,-52.0,-179.0
13,148,555.0,-49.0,-178.0
13,149,555.0,-46.0,-176.0
13,150,555.0,-43.0,-174.0
13,151,555.0,-40.0,-172.0
13,152,555.0,-37.0,-170.0
13,153,555.0,-35.0,-167.0
13,154,555.0,-33.0,-165.0
13,155,555.0,-30.0,-162.0
13,156,555.0,-29.0,-160.0
13,157,555.0,-27.0,-157.0
13,158,555.0,-25.0,-154.0
13,159,555.0,-23.0,-151.0
13,160,555.0,-22.0,-148.0
13,161,555.0,-20.0,-144.0
13,162,555.0,-18.0,-138.0
13,163,554.0,-17.0,-134.0
13,164,554.0,-16.0,-131.0
13,165,554.0,-15.0,-127.0
13,166,554.0,-15.0,-124.0
13,167,553.0,-14.0,-120.0
13,168,553.0,-13.0,-116.0
13,169,553.0,-13.0,-112.0
13,170,552.0,-13.0,-108.0
13,171,552.0,-13.0,-105.0
13,172,551.0,-13.0,-101.0
13,173,551.0,-13.0,-97.0
13,174,551.0,-13.0,-93.0
13,175,551.0,-14.0,-89.0
13,176,550.0,-14.0,-85.0
13,177,549.0,-15.0,-81.0
13,178,549.0,-16.0,-77.0
13,179,548.0,-17.0,-73.0
13,180,547.0,-18.0,-69.0
13,181,547.0,-20.0,-66.0
13,182,546.0,-21.0,-62.0
13,183,545.0,-23.0,-58.0
13,184,545.0,-25.0,-54.0
13,185,544.0,-27.0,-50.0
13,186,543.0,-29.0,-46.0
13,187,542.0,-31.0,-43.0
13,188,541.0,-33.0,-39.0
13,189,540.0,-35.0,-35.0
13,190,540.0,-38.0,-32.0
13,191,539.0,-40.0,-28.0
13,192,538.0,-43.0,-25.0
13,193,537.0,-46.0,-21.0
13,194,536.0,-48.0,-18.0
13,195,535.0,-51.0,-15.0
13,196,534.0,-54.0,-11.0
13,197,534.0,-57.0,-8.0
13,198,533.0,-60.0,-5.0
13,199,531.0,-63.0,-2.0
13,200,530.0,-65.0,0.0
13,201,529.0,-68.0,2.0
13,202,529.0,-71.0,5.0
13,203,528.0,-75.0,8.0
13,204,527.0,-78.0,10.0
13,205,526.0,-81.0,13.0
13,206,524.0,-84.0,15.0
13,207,523.0,-87.0,17.0
13,208,523.0,-90.0,19.0
13,209,522.0,-93.0,21.0
13,210,521.0,-96.0,23.0
13,211,521.0,-99.0,25.0
13,212,520.0,-102.0,26.0
13,213,519.0,-105.0,27.0
13,214,518.0,-108.0,29.0
13,215,518.0,-110.0,30.0
13,216,518.0,-113.0,30.0
13,217,518.0,-116.0,31.0
13,218,517.0,-119.0,32.0
13,219,517.0,-122.0,32.0
13,220,516.0,-125.0,33.0
13,221,516.0,-128.0,33.0
13,222,516.0,-130.0,33.0
13,223,516.0,-133.0,33.0
13,224,515.0,-136.0,33.0
13,225,515.0,-138.0,33.0
13,226,515.0,-141.0,33.0
13,227,515.0,-143.0,33.0
13,228,515.0,-146.0,33.0
13,229,515.0,-148.0,32.0
13,230,516.0,-150.0,32.0
13,231,516.0,-152.0,31.0
13,232,516.0,-154.0,30.0
13,233,516.0,-156.0,29.0
13,234,517.0,-158.0,29.0
13,235,517.0,-160.0,28.0
13,236,518.0,-161.0,27.0
13,237,518.0,-163.0,25.0
13,238,518.0,-164.0,24.0
13,239,518.0,-166.0,23.0
13,240,519.0,-167.0,21.0
13,241,519.0,-169.0,20.0
13,242,520.0,-170.0,18.0
13,243,521.0,-171.0,17.0
13,244,522.0,-172.0,15.0
13,245,522.0,-173.0,13.0
13,246,523.0,-173.0,11.0
14,0,321.0,440.0,-216.0
14,1,321.0,440.0,-216.0
14,2,321.0,440.0,-216.0
14,3,321.0,440.0,-216.0
14,4,321.0,440.0,-216.0
14,5,321.0,440.0,-216.0
14,6,321.0,440.0,-216.0
14,7,321.0,440.0,-216.0
14,8,321.0,440.0,-216.0
14,9,321.0,440.0,-216.0
14,10,321.0,440.0,-216.0
14,11,321.0,440.0,-216.0
14,12,321.0,441.0,-216.0
14,13,321.0,441.0,-216.0
14,14,321.0,441.0,-216.0
14,15,320.0,442.0,-216.0
14,16,319.0,443.0,-216.0
14,17,318.0,444.0,-216.0
14,18,316.0,445.0,-216.0
14,19,315.0,446.0,-216.0
14,20,313.0,448.0,-216.0
14,21,311.0,449.0,-216.0
14,22,309.0,451.0,-216.0
14,23,307.0,453.0,-216.0
14,24,305.0,455.0,-216.0
14,25,302.0,457.0,-216.0
14,26,299.0,459.0,-216.0
14,27,296.0,462.0,-216.0
14,28,293.0,464.0,-216.0
14,29,289.0,466.0,-215.0
14,30,287.0,469.0,-215.0
14,31,283.0,471.0,-214.0
14,32,280.0,474.0,-213.0
14,33,277.0,477.0,-212.0
14,34,274.0,479.0,-210.0
14,35,271.0,482.0,-209.0
14,36,267.0,484.0,-207.0
14,37,264.0,487.0,-205.0
14,38,261.0,490.0,-203.0
14,39,258.0,492.0,-200.0
14,40,255.0,495.0,-198.0
14,41,251.0,498.0,-195.0
14,42,248.0,500.0,-192.0
14,43,245.0,503.0,-188.0
14,44,242.0,506.0,-185.0
14,45,239.0,509.0,-181.0
14,46,235.0,511.0,-177.0
14,47,228.0,517.0,-169.0
14,48,224.0,520.0,-165.0
14,49,221.0,522.0,-160.0
14,50,218.0,525.0,-156.0
14,51,213.0,527.0,-151.0
14,52,210.0,530.0,-146.0
14,53,207.0,532.0,-141.0
14,54,203.0,535.0,-135.0
14,55,199.0,537.0,-130.0
14,56,196.0,539.0,-125.0
14,57,192.0,541.0,-119.0
14,58,190.0,543.0,-113.0
14,59,186.0,545.0,-106.0
14,60,183.0,547.0,-100.0
14,61,179.0,549.0,-94.0
14,62,177.0,550.0,-87.0
14,63,174.0,552.0,-80.0
14,64,171.0,553.0,-74.0
14,65,168.0,555.0,-67.0
14,66,165.0,556.0,-60.0
14,67,163.0,557.0,-52.0
14,68,160.0,558.0,-45.0
14,69,157.0,558.0,-37.0
14,70,155.0,559.0,-30.0
14,71,152.0,559.0,-22.0
14,72,151.0,560.0,-14.0
14,73,148.0,560.0,-6.0
14,74,147.0,560.0,1.0
14,75,145.0,560.0,9.0
14,76,143.0,559.0,18.0
14,77,141.0,559.0,26.0
14,78,141.0,558.0,34.0
14,79,139.0,558.0,43.0
14,80,138.0,557.0,51.0
14,81,137.0,555.0,59.0
14,82,137.0,554.0,68.0
14,83,136.0,553.0,76.0
14,84,136.0,551.0,84.0
14,85,137.0,549.0,93.0
14,86,137.0,547.0,101.0
14,87,138.0,545.0,109.0
14,88,139.0,543.0,117.0
14,89,140.0,540.0,125.0
14,90,141.0,537.0,133.0
14,91,143.0,534.0,141.0
14,92,144.0,532.0,149.0
14,93,147.0,528.0,157.0
14,94,148.0,525.0,164.0
14,95,150.0,522.0,172.0
14,96,152.0,519.0,179.0
14,97,155.0,515.0,186.0
14,98,157.0,512.0,193.0
14,99,160.0,508.0,199.0
14,100,163.0,504.0,206.0
14,101,165.0,501.0,212.0
14,102,168.0,497.0,218.0
14,103,171.0,493.0,224.0
14,104,174.0,489.0,230.0
14,105,178.0,485.0,236.0
14,106,181.0,481.0,241.0
14,107,184.0,477.0,246.0
14,108,187.0,473.0,252.0
14,109,190.0,469.0,257.0
14,110,194.0,465.0,261.0
14,111,197.0,461.0,266.0
14,112,201.0,457.0,271.0
14,113,203.0,453.0,275.0
14,114,207.0,449.0,279.0
14,115,210.0,445.0,283.0
14,116,212.0,441.0,287.0
14,117,216.0,437.0,291.0
14,118,219.0,433.0,294.0
14,119,223.0,429.0,297.0
14,120,226.0,425.0,300.0
14,121,229.0,422.0,303.0
14,122,233.0,418.0,305.0
14,123,236.0,415.0,308.0
14,124,239.0,411.0,310.0
14,125,243.0,408.0,311.0
14,126,246.0,404.0,313.0
14,127,250.0,401.0,314.0
14,128,253.0,398.0,316.0
14,129,256.0,394.0,317.0
14,130,261.0,391.0,318.0
14,131,264.0,388.0,318.0
14,132,267.0,384.0,319.0
14,133,272.0,381.0,319.0
14,134,279.0,374.0,320.0
14,135,283.0,370.0,320.0
14,136,285.0,368.0,321.0
14,137,288.0,365.0,321.0
14,138,289.0,364.0,321.0
14,139,291.0,362.0,321.0
14,140,293.0,361.0,321.0
14,141,294.0,360.0,321.0
14,142,295.0,359.0,320.0
14,143,296.0,358.0,320.0
14,144,298.0,357.0,320.0
14,145,299.0,356.0,320.0
14,146,301.0,355.0,319.0
14,147,303.0,354.0,319.0
14,148,305.0,352.0,319.0
14,149,306.0,351.0,319.0
14,150,309.0,349.0,318.0
14,151,311.0,348.0,318.0
14,152,314.0,346.0,317.0
14,153,316.0,344.0,317.0
14,154,319.0,342.0,316.0
14,155,321.0,339.0,316.0
14,156,325.0,337.0,316.0
14,157,328.0,334.0,315.0
14,158,331.0,331.0,314.0
14,159,334.0,329.0,314.0
14,160,338.0,326.0,313.0
14,161,341.0,323.0,313.0
14,162,344.0,320.0,312.0
14,163,349.0,316.0,311.0
14,164,352.0,313.0,310.0
14,165,355.0,310.0,309.0
14,166,360.0,306.0,309.0
14,167,363.0,303.0,307.0
14,168,367.0,300.0,306.0
14,169,371.0,297.0,305.0
14,170,375.0,293.0,303.0
14,171,379.0,290.0,302.0
14,172,383.0,287.0,300.0
14,173,387.0,284.0,299.0
14,174,391.0,280.0,297.0
14,175,395.0,277.0,295.0
14,176,399.0,274.0,293.0
14,177,403.0,270.0,291.0
14,178,408.0,267.0,288.0
14,179,411.0,263.0,286.0
14,180,415.0,260.0,284.0
14,181,420.0,257.0,281.0
14,182,424.0,253.0,279.0
14,183,427.0,250.0,276.0
14,184,431.0,246.0,273.0
14,185,435.0,243.0,271.0
14,186,439.0,239.0,268.0
14,187,442.0,236.0,265.0
14,188,447.0,232.0,262.0
14,189,450.0,229.0,259.0
14,190,454.0,226.0,256.0
14,191,458.0,223.0,253.0
14,192,461.0,220.0,249.0
14,193,464.0,217.0,245.0
14,194,469.0,213.0,242.0
14,195,472.0,211.0,238.0
14,196,475.0,208.0,234.0
14,197,479.0,205.0,230.0
14,198,482.0,202.0,225.0
14,199,485.0,200.0,221.0
14,200,489.0,198.0,216.0
14,201,492.0,195.0,211.0
14,202,495.0,193.0,206.0
14,203,498.0,191.0,202.0
14,204,502.0,189.0,196.0
14,205,504.0,187.0,191.0
14,206,507.0,185.0,186.0
14,207,510.0,184.0,180.0
14,208,513.0,182.0,175.0
14,209,516.0,181.0,169.0
14,210,518.0,180.0,163.0
14,211,521.0,178.0,157.0
14,212,523.0,177.0,151.0
14,213,525.0,177.0,144.0
14,214,528.0,176.0,138.0
14,215,530.0,175.0,131.0
14,216,532.0,175.0,124.0
14,217,534.0,175.0,118.0
14,218,536.0,175.0,111.0
14,219,538.0,176.0,104.0
14,220,539.0,177.0,97.0
14,221,540.0,178.0,90.0
14,222,541.0,179.0,83.0
14,223,543.0,181.0,76.0
14,224,544.0,182.0,69.0
14,225,545.0,184.0,62.0
14,226,545.0,186.0,55.0
14,227,545.0,188.0,48.0
14,228,546.0,191.0,42.0
14,229,546.0,193.0,35.0
14,230,546.0,196.0,28.0
14,231,546.0,199.0,21.0
14,232,546.0,202.0,14.0
14,233,546.0,205.0,8.0
14,234,545.0,208.0,1.0
14,235,545.0,211.0,-5.0
14,236,545.0,215.0,-11.0
14,237,544.0,218.0,-18.0
14,238,543.0,222.0,-24.0
14,239,542.0,226.0,-30.0
14,240,540.0,230.0,-37.0
14,241,540.0,234.0,-43.0
14,242,538.0,238.0,-49.0
14,243,536.0,243.0,-56.0
14,244,534.0,248.0,-62.0
14,245,532.0,253.0,-69.0
14,246,529.0,258.0,-75.0
14,247,527.0,263.0,-82.0
14,248,524.0,268.0,-88.0
14,249,522.0,274.0,-94.0
14,250,519.0,279.0,-100.0
14,251,516.0,285.0,-107.0
14,252,513.0,291.0,-113.0
14,253,509.0,296.0,-119.0
14,254,506.0,302.0,-125.0
14,255,502.0,308.0,-131.0
14,256,498.0,314.0,-136.0
14,257,494.0,320.0,-142.0
14,258,490.0,326.0,-147.0
14,259,485.0,331.0,-152.0
14,260,481.0,337.0,-157.0
14,261,476.0,343.0,-161.0
14,262,472.0,348.0,-165.0
14,263,468.0,354.0,-169.0
14,264,463.0,359.0,-172.0
14,265,458.0,365.0,-176.0
14,266,454.0,370.0,-178.0
14,267,445.0,380.0,-183.0
14,268,440.0,385.0,-185.0
14,269,436.0,390.0,-186.0
14,270,431.0,395.0,-187.0
14,271,426.0,400.0,-188.0
14,272,422.0,404.0,-189.0
14,273,418.0,409.0,-189.0
14,274,414.0,413.0,-189.0
14,275,409.0,417.0,-190.0
14,276,404.0,422.0,-189.0
14,277,400.0,426.0,-189.0
14,278,395.0,430.0,-189.0
14,279,391.0,434.0,-188.0
14,280,387.0,438.0,-188.0
14,281,382.0,442.0,-187.0
14,282,377.0,445.0,-187.0
14,283,373.0,449.0,-187.0
14,284,368.0,452.0,-186.0
14,285,364.0,456.0,-186.0
14,286,360.0,459.0,-186.0
14,287,355.0,462.0,-185.0
14,288,350.0,464.0,-185.0
14,289,346.0,467.0,-184.0
14,290,343.0,470.0,-183.0
14,291,338.0,472.0,-183.0
14,292,334.0,474.0,-182.0
14,293,331.0,476.0,-181.0
14,294,327.0,478.0,-180.0
14,295,323.0,480.0,-179.0
14,296,320.0,482.0,-178.0
14,297,317.0,483.0,-177.0
14,298,314.0,484.0,-176.0
14,299,311.0,485.0,-175.0
14,300,309.0,486.0,-174.0
14,301,306.0,487.0,-172.0
14,302,304.0,488.0,-171.0
14,303,302.0,489.0,-170.0
14,304,299.0,490.0,-169.0
14,305,298.0,490.0,-167.0
14,306,296.0,491.0,-166.0
14,307,294.0,491.0,-165.0
14,308,291.0,491.0,-163.0
14,309,290.0,491.0,-162.0
14,310,289.0,491.0,-161.0
14,311,289.0,491.0,-160.0
14,312,288.0,491.0,-159.0
14,313,287.0,491.0,-159.0
14,314,287.0,491.0,-158.0
14,315,286.0,490.0,-157.0
14,316,286.0,490.0,-157.0
14,317,286.0,490.0,-156.0
14,318,286.0,489.0,-155.0
14,319,286.0,489.0,-155.0
14,320,286.0,488.0,-155.0
14,321,286.0,488.0,-154.0
14,322,286.0,487.0,-154.0
14,323,286.0,487.0,-154.0
14,324,286.0,487.0,-154.0
14,325,286.0,486.0,-154.0
14,326,286.0,486.0,-154.0
14,327,286.0,486.0,-154.0
15,0,567.0,-50.0,-56.0
15,1,567.0,-50.0,-56.0
15,2,567.0,-50.0,-56.0
15,3,567.0,-50.0,-56.0
15,4,567.0,-50.0,-56.0
15,5,567.0,-50.0,-56.0
15,6,567.0,-50.0,-56.0
15,7,567.0,-50.0,-56.0
15,8,567.0,-50.0,-56.0
15,9,567.0,-50.0,-56.0
15,10,567.0,-50.0,-56.0
15,11,567.0,-50.0,-56.0
15,12,567.0,-50.0,-56.0
15,13,567.0,-50.0,-56.0
15,14,567.0,-50.0,-56.0
15,15,567.0,-50.0,-56.0
15,16,567.0,-50.0,-56.0
15,17,567.0,-50.0,-56.0
15,18,567.0,-50.0,-56.0
15,19,567.0,-50.0,-56.0
15,20,567.0,-50.0,-56.0
15,21,567.0,-50.0,-56.0
15,22,567.0,-50.0,-56.0
15,23,567.0,-50.0,-56.0
15,24,567.0,-50.0,-56.0
15,25,567.0,-50.0,-56.0
15,26,567.0,-51.0,-56.0
15,27,567.0,-51.0,-56.0
15,28,567.0,-52.0,-56.0
15,29,567.0,-53.0,-56.0
15,30,567.0,-53.0,-56.0
15,31,567.0,-54.0,-56.0
15,32,567.0,-55.0,-56.0
15,33,567.0,-57.0,-56.0
15,34,567.0,-58.0,-56.0
15,35,567.0,-59.0,-56.0
15,36,567.0,-61.0,-56.0
15,37,567.0,-62.0,-56.0
15,38,567.0,-64.0,-56.0
15,39,567.0,-66.0,-56.0
15,40,566.0,-68.0,-56.0
15,41,566.0,-70.0,-56.0
15,42,566.0,-72.0,-56.0
15,43,566.0,-74.0,-56.0
15,44,566.0,-77.0,-56.0
15,45,565.0,-79.0,-56.0
15,46,565.0,-82.0,-56.0
15,47,565.0,-84.0,-56.0
15,48,565.0,-87.0,-56.0
15,49,564.0,-90.0,-56.0
15,50,564.0,-92.0,-55.0
15,51,564.0,-95.0,-55.0
15,52,563.0,-98.0,-55.0
15,53,563.0,-101.0,-55.0
15,54,563.0,-104.0,-55.0
15,55,562.0,-107.0,-55.0
15,56,562.0,-110.0,-55.0
15,57,562.0,-112.0,-54.0
15,58,562.0,-115.0,-53.0
15,59,562.0,-118.0,-53.0
15,60,562.0,-120.0,-52.0
15,61,561.0,-123.0,-51.0
15,62,561.0,-125.0,-49.0
15,63,561.0,-128.0,-48.0
15,64,560.0,-130.0,-46.0
15,65,560.0,-132.0,-44.0
15,66,560.0,-135.0,-42.0
15,67,560.0,-137.0,-40.0
15,68,559.0,-139.0,-37.0
15,69,559.0,-141.0,-35.0
15,70,559.0,-142.0,-32.0
15,71,559.0,-144.0,-29.0
15,72,559.0,-146.0,-25.0
15,73,559.0,-147.0,-22.0
15,74,558.0,-148.0,-19.0
15,75,558.0,-149.0,-15.0
15,76,558.0,-150.0,-11.0
15,77,558.0,-151.0,-8.0
15,78,558.0,-152.0,-4.0
15,79,558.0,-152.0,0.0
15,80,558.0,-153.0,4.0
15,81,558.0,-153.0,8.0
15,82,558.0,-153.0,12.0
15,83,558.0,-153.0,16.0
15,84,558.0,-152.0,25.0
15,85,558.0,-151.0,29.0
15,86,557.0,-151.0,34.0
15,87,557.0,-150.0,38.0
15,88,557.0,-149.0,43.0
15,89,557.0,-149.0,47.0
15,90,557.0,-148.0,52.0
15,91,557.0,-147.0,56.0
15,92,556.0,-146.0,60.0
15,93,556.0,-145.0,65.0
15,94,556.0,-144.0,69.0
15,95,556.0,-143.0,73.0
15,96,556.0,-142.0,77.0
15,97,556.0,-141.0,81.0
15,98,556.0,-139.0,85.0
15,99,556.0,-138.0,89.0
15,100,556.0,-136.0,93.0
15,101,555.0,-134.0,96.0
15,102,555.0,-132.0,100.0
15,103,555.0,-130.0,103.0
15,104,555.0,-128.0,106.0
15,105,555.0,-126.0,109.0
15,106,555.0,-124.0,112.0
15,107,555.0,-121.0,115.0
15,108,555.0,-119.0,117.0
15,109,555.0,-116.0,119.0
15,110,555.0,-113.0,121.0
15,111,555.0,-110.0,123.0
15,112,555.0,-107.0,125.0
15,113,555.0,-104.0,126.0
15,114,555.0,-97.0,129.0
15,115,556.0,-93.0,130.0
15,116,556.0,-90.0,130.0
15,117,556.0,-86.0,131.0
15,118,556.0,-82.0,131.0
15,119,556.0,-78.0,131.0
15,120,556.0,-73.0,131.0
15,121,557.0,-69.0,131.0
15,122,557.0,-65.0,131.0
15,123,557.0,-60.0,131.0
15,124,558.0,-56.0,131.0
15,125,558.0,-51.0,130.0
15,126,558.0,-47.0,130.0
15,127,558.0,-42.0,130.0
15,128,558.0,-37.0,130.0
15,129,559.0,-32.0,129.0
15,130,559.0,-28.0,129.0
15,131,559.0,-23.0,129.0
15,132,559.0,-18.0,129.0
15,133,559.0,-13.0,129.0
15,134,558.0,-9.0,128.0
15,135,558.0,-4.0,128.0
15,136,558.0,0.0,128.0
15,137,558.0,4.0,128.0
15,138,558.0,9.0,128.0
15,139,557.0,13.0,127.0
15,140,557.0,17.0,127.0
15,141,557.0,22.0,127.0
15,142,557.0,26.0,127.0
15,143,556.0,30.0,126.0
15,144,556.0,34.0,126.0
15,145,556.0,38.0,126.0
15,146,556.0,41.0,125.0
15,147,556.0,45.0,124.0
15,148,556.0,49.0,124.0
15,149,555.0,52.0,123.0
15,150,555.0,55.0,122.0
15,151,555.0,58.0,120.0
15,152,555.0,61.0,119.0
15,153,555.0,64.0,117.0
15,154,555.0,66.0,115.0
15,155,555.0,69.0,113.0
15,156,555.0,71.0,111.0
15,157,555.0,73.0,108.0
15,158,555.0,75.0,106.0
15,159,555.0,77.0,103.0
15,160,556.0,78.0,99.0
15,161,556.0,80.0,96.0
15,162,556.0,81.0,92.0
15,163,556.0,82.0,89.0
15,164,557.0,83.0,85.0
15,165,557.0,83.0,80.0
15,166,558.0,84.0,76.0
15,167,558.0,84.0,72.0
15,168,559.0,84.0,67.0
15,169,560.0,85.0,63.0
15,170,560.0,84.0,58.0
15,171,561.0,84.0,54.0
15,172,562.0,84.0,49.0
15,173,562.0,83.0,44.0
15,174,562.0,83.0,40.0
15,175,563.0,82.0,35.0
15,176,563.0,81.0,30.0
15,177,564.0,80.0,26.0
15,178,564.0,79.0,21.0
15,179,565.0,78.0,17.0
15,180,566.0,77.0,12.0
15,181,566.0,76.0,8.0
15,182,566.0,75.0,4.0
15,183,567.0,73.0,0.0
15,184,567.0,70.0,-7.0
15,185,567.0,69.0,-11.0
15,186,568.0,67.0,-15.0
15,187,568.0,65.0,-18.0
15,188,568.0,63.0,-21.0
15,189,569.0,61.0,-24.0
15,190,569.0,59.0,-28.0
15,191,569.0,57.0,-30.0
15,192,570.0,55.0,-33.0
15,193,570.0,53.0,-36.0
15,194,571.0,50.0,-38.0
15,195,571.0,47.0,-40.0
15,196,571.0,44.0,-42.0
15,197,572.0,41.0,-44.0
15,198,572.0,37.0,-45.0
15,199,573.0,34.0,-46.0
15,200,573.0,30.0,-47.0
15,201,573.0,26.0,-48.0
15,202,573.0,23.0,-49.0
15,203,574.0,15.0,-49.0
15,204,574.0,11.0,-50.0
15,205,575.0,6.0,-50.0
15,206,575.0,2.0,-50.0
15,207,575.0,-1.0,-50.0
15,208,576.0,-5.0,-50.0
15,209,576.0,-9.0,-50.0
15,210,576.0,-13.0,-50.0
15,211,576.0,-16.0,-50.0
15,212,577.0,-20.0,-50.0
15,213,577.0,-24.0,-50.0
15,214,577.0,-27.0,-50.0
15,215,577.0,-31.0,-50.0
15,216,577.0,-34.0,-49.0
15,217,577.0,-37.0,-49.0
15,218,577.0,-39.0,-49.0
15,219,577.0,-42.0,-49.0
15,220,577.0,-44.0,-49.0
15,221,577.0,-47.0,-49.0
15,222,578.0,-49.0,-49.0
15,223,578.0,-50.0,-49.0
15,224,578.0,-52.0,-49.0
15,225,578.0,-54.0,-49.0
15,226,578.0,-55.0,-49.0
15,227,578.0,-56.0,-49.0
15,228,578.0,-58.0,-49.0
15,229,578.0,-59.0,-49.0
15,230,578.0,-59.0,-49.0
15,231,578.0,-60.0,-49.0
15,232,578.0,-60.0,-49.0
15,233,578.0,-59.0,-49.0
15,234,578.0,-59.0,-49.0
15,235,578.0,-59.0,-49.0
15,236,578.0,-58.0,-49.0
15,237,578.0,-57.0,-49.0
15,238,578.0,-57.0,-49.0
15,239,578.0,-56.0,-49.0
15,240,578.0,-55.0,-49.0
15,241,578.0,-54.0,-49.0
15,242,578.0,-54.0,-49.0
15,243,578.0,-53.0,-49.0
15,244,578.0,-53.0,-49.0
15,245,579.0,-52.0,-49.0
15,246,579.0,-52.0,-49.0
15,247,579.0,-51.0,-49.0
15,248,579.0,-51.0,-49.0
16,0,564.0,-34.0,-49.0
16,1,564.0,-36.0,-49.0
16,2,564.0,-39.0,-49.0
16,3,563.0,-42.0,-49.0
16,4,563.0,-45.0,-49.0
16,5,563.0,-48.0,-49.0
16,6,563.0,-52.0,-49.0
16,7,563.0,-55.0,-49.0
16,8,562.0,-58.0,-49.0
16,9,562.0,-62.0,-49.0
16,10,562.0,-65.0,-48.0
16,11,562.0,-69.0,-48.0
16,12,562.0,-72.0,-48.0
16,13,562.0,-76.0,-47.0
16,14,562.0,-79.0,-46.0
16,15,561.0,-83.0,-46.0
16,16,561.0,-86.0,-45.0
16,17,561.0,-90.0,-44.0
16,18,560.0,-93.0,-42.0
16,19,560.0,-96.0,-41.0
16,20,560.0,-100.0,-39.0
16,21,559.0,-103.0,-37.0
16,22,559.0,-106.0,-35.0
16,23,559.0,-109.0,-33.0
16,24,558.0,-112.0,-30.0
16,25,558.0,-115.0,-28.0
16,26,558.0,-118.0,-25.0
16,27,557.0,-121.0,-22.0
16,28,557.0,-123.0,-18.0
16,29,557.0,-125.0,-15.0
16,30,556.0,-128.0,-11.0
16,31,556.0,-130.0,-7.0
16,32,556.0,-132.0,-3.0
16,33,556.0,-135.0,5.0
16,34,556.0,-137.0,10.0
16,35,555.0,-138.0,14.0
16,36,555.0,-139.0,19.0
16,37,555.0,-140.0,24.0
16,38,554.0,-140.0,29.0
16,39,554.0,-141.0,34.0
16,40,554.0,-141.0,39.0
16,41,553.0,-141.0,44.0
16,42,553.0,-140.0,50.0
16,43,553.0,-140.0,55.0
16,44,552.0,-140.0,60.0
16,45,552.0,-139.0,65.0
16,46,552.0,-138.0,70.0
16,47,551.0,-137.0,76.0
16,48,551.0,-136.0,81.0
16,49,551.0,-135.0,86.0
16,50,551.0,-133.0,91.0
16,51,551.0,-132.0,95.0
16,52,550.0,-130.0,100.0
16,53,550.0,-128.0,105.0
16,54,549.0,-126.0,109.0
16,55,549.0,-124.0,113.0
16,56,549.0,-122.0,117.0
16,57,548.0,-119.0,121.0
16,58,548.0,-117.0,125.0
16,59,548.0,-114.0,129.0
16,60,548.0,-111.0,132.0
16,61,547.0,-108.0,136.0
16,62,547.0,-105.0,139.0
16,63,547.0,-101.0,142.0
16,64,547.0,-98.0,144.0
16,65,547.0,-94.0,147.0
16,66,547.0,-91.0,149.0
16,67,547.0,-87.0,151.0
16,68,547.0,-82.0,153.0
16,69,547.0,-78.0,154.0
16,70,547.0,-73.0,156.0
16,71,547.0,-69.0,157.0
16,72,547.0,-64.0,157.0
16,73,547.0,-59.0,158.0
16,74,548.0,-54.0,158.0
16,75,548.0,-49.0,158.0
16,76,548.0,-44.0,158.0
16,77,548.0,-39.0,158.0
16,78,549.0,-33.0,158.0
16,79,549.0,-28.0,158.0
16,80,549.0,-22.0,157.0
16,81,549.0,-17.0,157.0
16,82,549.0,-12.0,157.0
16,83,549.0,-6.0,157.0
16,84,549.0,-1.0,157.0
16,85,549.0,3.0,156.0
16,86,548.0,9.0,156.0
16,87,548.0,14.0,156.0
16,88,548.0,19.0,155.0
16,89,547.0,24.0,155.0
16,90,547.0,29.0,155.0
16,91,547.0,34.0,154.0
16,92,546.0,38.0,154.0
16,93,546.0,43.0,153.0
16,94,545.0,48.0,153.0
16,95,545.0,57.0,152.0
16,96,545.0,61.0,151.0
16,97,544.0,65.0,150.0
16,98,544.0,68.0,150.0
16,99,543.0,72.0,149.0
16,100,543.0,75.0,148.0
16,101,543.0,79.0,147.0
16,102,542.0,82.0,146.0
16,103,542.0,85.0,144.0
16,104,542.0,87.0,143.0
16,105,541.0,90.0,141.0
16,106,541.0,92.0,139.0
16,107,541.0,95.0,137.0
16,108,541.0,97.0,135.0
16,109,541.0,99.0,133.0
16,110,541.0,100.0,130.0
16,111,541.0,102.0,127.0
16,112,541.0,103.0,124.0
16,113,541.0,105.0,121.0
16,114,542.0,106.0,117.0
16,115,542.0,107.0,114.0
16,116,542.0,108.0,110.0
16,117,543.0,109.0,106.0
16,118,543.0,109.0,102.0
16,119,544.0,110.0,97.0
16,120,544.0,111.0,93.0
16,121,545.0,111.0,88.0
16,122,545.0,112.0,83.0
16,123,545.0,113.0,79.0
16,124,545.0,113.0,74.0
16,125,546.0,113.0,64.0
16,126,547.0,114.0,59.0
16,127,547.0,114.0,55.0
16,128,548.0,114.0,50.0
16,129,548.0,113.0,45.0
16,130,549.0,113.0,41.0
16,131,549.0,113.0,36.0
16,132,550.0,112.0,32.0
16,133,550.0,111.0,27.0
16,134,551.0,110.0,22.0
16,135,551.0,109.0,18.0
16,136,551.0,108.0,14.0
16,137,551.0,106.0,10.0
16,138,552.0,104.0,6.0
16,139,553.0,103.0,2.0
16,140,553.0,101.0,-1.0
16,141,554.0,99.0,-5.0
16,142,554.0,96.0,-8.0
16,143,555.0,94.0,-12.0
16,144,555.0,92.0,-15.0
16,145,556.0,89.0,-19.0
16,146,556.0,86.0,-22.0
16,147,556.0,83.0,-25.0
16,148,556.0,80.0,-28.0
16,149,557.0,77.0,-30.0
16,150,558.0,74.0,-33.0
16,151,558.0,70.0,-36.0
16,152,559.0,67.0,-38.0
16,153,559.0,63.0,-40.0
16,154,560.0,59.0,-43.0
16,155,560.0,55.0,-45.0
16,156,561.0,51.0,-46.0
16,157,561.0,46.0,-48.0
16,158,562.0,42.0,-50.0
16,159,562.0,38.0,-51.0
16,160,562.0,33.0,-52.0
16,161,562.0,29.0,-53.0
16,162,563.0,24.0,-54.0
16,163,563.0,20.0,-55.0
16,164,564.0,15.0,-56.0
16,165,564.0,11.0,-56.0
16,166,564.0,6.0,-56.0
16,167,565.0,2.0,-57.0
16,168,565.0,-2.0,-57.0
16,169,565.0,-6.0,-57.0
16,170,565.0,-10.0,-57.0
16,171,566.0,-14.0,-57.0
16,172,566.0,-18.0,-57.0
16,173,566.0,-22.0,-57.0
16,174,566.0,-25.0,-57.0
16,175,566.0,-28.0,-57.0
16,176,566.0,-32.0,-57.0
16,177,566.0,-35.0,-57.0
16,178,566.0,-37.0,-57.0
16,179,566.0,-40.0,-57.0
16,180,566.0,-42.0,-57.0
16,181,566.0,-44.0,-57.0
16,182,566.0,-46.0,-57.0
16,183,566.0,-48.0,-57.0
16,184,566.0,-49.0,-56.0
16,185,566.0,-50.0,-56.0
16,186,567.0,-51.0,-56.0
16,187,567.0,-52.0,-56.0
16,188,567.0,-53.0,-56.0
16,189,567.0,-53.0,-56.0
16,190,567.0,-54.0,-56.0
16,191,567.0,-54.0,-56.0
16,192,567.0,-54.0,-56.0
16,193,567.0,-55.0,-56.0
16,194,567.0,-55.0,-56.0
16,195,567.0,-55.0,-56.0
16,196,567.0,-55.0,-56.0
16,197,567.0,-55.0,-56.0
16,198,567.0,-55.0,-56.0
16,199,567.0,-54.0,-56.0
